----- sTable
sDate,a_nDay_jd,dSunSet_h,dSunRise_h,r_dMoonRise_h,dMoonSet_h,Moon_sDate,dLit_100,dRa,dDec,MidN_sDate,dLit_100,dRa,dDec,Vega_sDate,dLit_100,dRa,dDec
1384-12-31T12:00:00,2226929,16.224999999999998,32.05361111111111,19.63361111111111,34.14555555555555,1385-01-01T10:08:44,85.51360321044922,164.79737319464084,7.210820037695813,1385-01-01T00:00:00,87.87010955810547,160.66821327813477,8.886218267814803,1384-12-31T23:00:32,88.08670806884766,160.2560682249146,9.010905357958862
1385-01-01T12:00:00,2226930,16.247777777777777,32.04388888888889,20.75583333333333,34.56916666666667,1385-01-02T10:34:09,77.51913452148438,177.13200126298125,3.116327183667647,1385-01-02T00:00:00,80.49390411376953,172.86665992021824,4.97854408289955,1385-01-01T22:56:35,80.80014038085938,172.40017753529426,5.1357458714219515
1385-01-02T12:00:00,2226931,16.27111111111111,32.033055555555556,21.907777777777778,34.969166666666666,1385-01-03T10:58:09,68.14718627929688,-170.4255577490191,-1.2364194901320282,1385-01-03T00:00:00,71.6902847290039,-174.9004338895571,0.7617627893404811,1385-01-02T22:52:40,72.09585571289062,-175.43376398593776,0.9504500463798434
1385-01-03T12:00:00,2226932,16.295,32.02166666666667,23.08833333333333,35.36638888888889,1385-01-04T11:21:59,57.71085739135742,-157.68622349743373,-5.664809218836717,1385-01-04T00:00:00,61.74960708618164,-162.47705540666004,-3.5895553608379624,1385-01-03T22:48:44,62.25807571411133,-163.0926793173143,-3.3737359683036687
1385-01-04T12:00:00,2226933,16.319166666666668,32.009166666666665,24.301111111111112,35.783611111111114,1385-01-05T11:47:01,46.61201095581055,-144.4450132209758,-9.956625990845959,1385-01-05T00:00:00,51.04084777832031,-149.6866977086269,-7.879545325756277,1385-01-04T22:42:50,51.66177749633789,-150.42158177510055,-7.639850339500286
1385-01-05T12:00:00,2226934,16.344166666666666,31.996111111111112,25.55027777777778,36.246944444444445,1385-01-06T12:14:49,35.356685638427734,-130.51000899172826,-13.859466324380847,1385-01-06T00:00:00,40.019927978515625,-136.35667992659518,-11.883414087924233,1385-01-05T22:40:52,40.69892883300781,-137.18947538203204,-11.64780507518815
1385-01-06T12:00:00,2226935,16.369444444444444,31.982222222222223,26.830555555555556,36.78888888888889,1385-01-07T12:47:20,24.56142234802246,-115.74918178404548,-17.077978942330464,1385-01-07T00:00:00,29.233009338378906,-122.35493863779789,-15.34421842370803,1385-01-06T22:36:56,29.947080612182617,-123.31878659945858,-15.129805626618175
1385-01-07T12:00:00,2226936,16.395,31.967222222222222,28.11861111111111,37.44861111111111,1385-01-08T13:26:55,14.93543815612793,-100.15531596959721,-19.293074121749864,1385-01-08T00:00:00,19.303112030029297,-107.6406163239148,-17.984003482027074,1385-01-07T22:33:00,19.994779586791992,-108.73873639478154,-17.820030834211156
1385-01-08T12:00:00,2226937,16.421111111111113,31.951666666666668,29.365277777777777,38.265277777777776,1385-01-09T14:15:55,7.223419666290283,-83.90661150856887,-20.215006658961705,1385-01-09T00:00:00,10.88751220703125,-92.31523300983957,-19.539162449458242,1385-01-08T22:29:04,11.486599922180176,-93.53399900443141,-19.456166765075974
1385-01-09T12:00:00,2226938,16.447777777777777,31.935555555555556,30.503611111111113,39.26,1385-01-10T15:15:36,2.101263999938965,-67.37242803252296,-19.66711935113549,1385-01-10T00:00:00,4.60059928894043,-76.64024353426547,-19.81955712724946,1385-01-09T22:25:08,5.0352678298950195,-77.94649229367975,-19.841443767458543
1385-01-10T12:00:00,2226939,16.474444444444444,31.918333333333333,31.479444444444447,40.41416666666667,1385-01-11T16:24:51,0.03753293305635452,-51.02134896272702,-17.66470105058079,1385-01-11T00:00:00,0.9144268035888672,-60.98539358245269,-18.769569296715723,1385-01-10T22:21:12,1.126457691192627,-62.33274362024336,-18.905513638642326
1385-01-11T12:00:00,2226940,16.501666666666665,31.900555555555556,-1,41.66972222222222,1385-01-12T17:40:11,1.168882966041565,-35.25989114271108,-14.432427030518802,1385-01-12T00:00:00,0.06887102872133255,-45.71631519171594,-16.494832460143826,1385-01-11T22:17:17,0.02748798206448555,-47.05798197969604,-16.735803967196144
1385-01-12T12:00:00,2226941,16.529166666666665,31.881944444444443,8.277777777777779,17.669722222222223,1385-01-12T17:40:11,1.1688774824142456,-35.2599195405092,-14.43243548704165,1385-01-13T00:00:00,2.0292108058929443,-31.0855382208365,-13.234662161434274,1385-01-12T22:13:21,1.7375952005386353,-32.38637933682799,-13.556727148857286
1385-01-13T12:00:00,2226942,16.556944444444444,31.86277777777778,8.921944444444444,18.95611111111111,1385-01-13T18:57:22,5.263992786407471,-20.307847661333714,-10.336034389599416,1385-01-14T00:00:00,6.510679244995117,-17.187443100575006,-9.297283746801114,1385-01-13T22:09:25,6.002532958984375,-18.42812941012111,-9.669022430908408
1385-01-14T12:00:00,2226943,16.584999999999997,31.842777777777776,9.450555555555555,20.222777777777775,1385-01-14T20:13:22,11.808445930480957,-6.179387570640497,-5.773345247820427,1385-01-15T00:00:00,13.057168006896973,-3.9797573750229924,-4.994314263270764,1385-01-14T22:05:29,12.385833740234375,-5.154789493347186,-5.3842489639199735
1385-01-15T12:00:00,2226944,16.613333333333333,31.822222222222223,9.901388888888889,21.44638888888889,1385-01-15T21:26:47,20.156238555908203,7.2531211201816115,-1.093904644217802,1385-01-16T00:00:00,21.13870620727539,8.665658861152048,-0.5992542343689667,1385-01-15T22:01:33,20.364089965820312,7.552651721265271,-0.9805528233115433
1385-01-16T12:00:00,2226945,16.641944444444444,31.800833333333333,10.305555555555557,22.6225,1385-01-16T22:37:21,29.664886474609375,20.1828303261241,3.4296900428493076,1385-01-17T00:00:00,30.233074188232422,20.91513276138978,3.666712412131808,1385-01-16T21:57:37,29.411176681518555,19.85592805476205,3.314355156218888
1385-01-17T12:00:00,2226946,16.670555555555556,31.77888888888889,10.688055555555556,23.756666666666668,1385-01-17T23:45:24,39.772579193115234,32.814763665670114,7.595256178123373,1385-01-18T00:00:00,39.87447738647461,32.94059498337359,7.630388275744427,1385-01-17T21:53:41,39.051082611083984,31.924923927210344,7.321148822235834
1385-01-18T12:00:00,2226947,16.699444444444445,31.75611111111111,11.070277777777777,24.85611111111111,1385-01-19T00:51:22,50.01895523071289,45.33423237987298,11.25074516343135,1385-01-19T00:00:00,49.6688346862793,44.898604703193705,11.154396474883328,1385-01-18T21:49:45,48.87786102294922,43.91612348439355,10.89751681616406
1385-01-19T12:00:00,2226948,16.72861111111111,31.733055555555556,11.472222222222223,25.924444444444443,1385-01-20T01:55:28,60.03075408935547,57.88786776672783,14.27494867689961,1385-01-20T00:00:00,59.28696823120117,56.917289012312814,14.124574984866054,1385-01-19T21:45:50,58.551551818847656,55.958448214832295,13.925791616350326
1385-01-20T12:00:00,2226949,16.75777777777778,31.70916666666667,11.913333333333334,26.95916666666667,1385-01-21T02:57:33,69.4942398071289,70.57097581221639,16.565461265735056,1385-01-21T00:00:00,68.44673156738281,69.08628356623316,16.441121692345455,1385-01-20T21:41:54,67.781494140625,68.14233546997927,16.303952250124805
1385-01-21T12:00:00,2226950,16.786944444444448,31.684722222222224,12.415000000000001,27.950277777777778,1385-01-22T03:57:01,78.12799835205078,83.41885098533687,18.03561903001538,1385-01-22T00:00:00,76.8927230834961,81.44869109453772,18.015825328669624,1385-01-21T21:37:58,76.3070068359375,80.51179933076149,17.94260840416756
1385-01-22T12:00:00,2226951,16.81638888888889,31.65972222222222,12.99861111111111,28.880000000000003,1385-01-23T04:52:48,85.6644058227539,96.40530299263897,18.61975019839969,1385-01-23T00:00:00,84.38013458251953,93.99791041336658,18.77539566680698,1385-01-22T21:34:02,83.88108825683594,93.06069803594988,18.76797288675241
1385-01-23T12:00:00,2226952,16.84583333333333,31.634166666666665,13.683333333333334,29.729444444444447,1385-01-24T05:43:46,91.84514617919922,109.45652787571508,18.283265237560165,1385-01-24T00:00:00,90.66572570800781,106.68272056783935,18.669654352539514,1385-01-23T21:30:06,90.26130676269531,105.73765213592011,18.72979751419489
1385-01-24T12:00:00,2226953,16.875555555555557,31.608055555555556,14.480277777777777,30.484722222222224,1385-01-25T06:29:05,96.42704010009766,122.47734779743325,17.031984382621573,1385-01-25T00:00:00,95.50811767578125,119.42295399265531,17.681586221125915,1385-01-24T21:26:10,95.20955657958984,118.4613115050325,17.811171846322324
1385-01-25T12:00:00,2226954,16.905277777777776,31.58138888888889,15.38861111111111,31.142777777777777,1385-01-26T07:08:34,99.19493103027344,135.38420539733596,14.916215104597601,1385-01-26T00:00:00,98.6774673461914,132.1336485792634,15.835436112466791,1385-01-25T21:22:14,98.50143432617188,131.1447602162898,16.036351324086514
1385-01-26T12:00:00,2226955,16.935,31.554166666666667,16.393055555555556,31.711944444444445,1385-01-27T07:42:43,99.9770736694336,148.132077807712,12.02845074530953,1385-01-27T00:00:00,99.97364807128906,144.75094534032667,13.199820891930171,1385-01-26T21:18:18,99.94313049316406,143.7213087937928,13.473527910673056
1385-01-27T12:00:00,2226956,16.96472222222222,31.52638888888889,17.47,32.20833333333333,1385-01-28T08:12:30,98.66179656982422,160.728432592212,8.496875734965041,1385-01-28T00:00:00,99.24933624267578,157.25186295159443,9.885074016356262,1385-01-27T21:14:23,99.39317321777344,156.16456455231446,10.231761317075534
1385-01-28T12:00:00,2226957,16.994722222222222,31.498333333333335,18.59638888888889,32.651944444444446,1385-01-29T08:39:07,95.2139892578125,173.23502590938674,4.477687116129611,1385-01-29T00:00:00,96.43342590332031,169.6633565308095,6.036464986974267,1385-01-28T21:10:27,96.783935546875,168.49745952971372,6.45382479461146
1385-01-29T12:00:00,2226958,17.024444444444445,31.469722222222224,19.754722222222224,33.06277777777778,1385-01-30T09:03:46,89.68902587890625,-174.2393656981312,0.14914125436854145,1385-01-30T00:00:00,91.54959106445312,-177.9391397645904,1.8262000078974043,1385-01-29T21:06:31,92.13822937011719,-179.20862750879255,2.307711431555307
1385-01-30T12:00:00,2226959,17.054444444444446,31.440555555555555,20.93611111111111,33.46138888888889,1385-01-31T09:27:41,82.24101257324219,-161.54951291784496,-4.291893259061523,1385-01-31T00:00:00,84.72650909423828,-165.44084967128939,-2.5531114134707757,1385-01-30T21:02:35,85.57781219482422,-166.8428099479992,-2.02016629009853
1385-01-31T12:00:00,2226960,17.084166666666665,31.41111111111111,22.139166666666664,33.86861111111111,1385-02-01T09:52:07,73.12577056884766,-148.52941908722005,-8.629669152006686,1385-02-01T00:00:00,76.19931030273438,-152.70218321182526,-6.89212934017108,1385-01-31T20:58:39,77.3235855102539,-154.26816975300252,-6.32881400118382
1385-02-01T12:00:00,2226961,17.11416666666667,31.38111111111111,23.364444444444445,34.307500000000005,1385-02-02T10:18:27,62.70013427734375,-135.01358334490897,-12.627450470389894,1385-02-02T00:00:00,66.3043212890625,-139.57879747824958,-10.966108602466434,1385-02-01T20:54:43,67.6902847290039,-141.34037171632698,-10.403585934268492
1385-02-02T12:00:00,2226962,17.14388888888889,31.350833333333334,24.609444444444446,34.80611111111111,1385-02-03T10:48:22,51.41944885253906,-120.868148573578,-16.027679562196,1385-02-03T00:00:00,55.47052001953125,-125.94930254246081,-14.536761964850081,1385-02-02T20:50:47,57.07843780517578,-127.932148450747,-14.017059822286766
1385-02-03T12:00:00,2226963,17.17388888888889,31.32,25.86,35.39805555555556,1385-02-04T11:23:53,39.834537506103516,-106.03450053581452,-18.56078227660965,1385-02-04T00:00:00,44.208953857421875,-111.75149494244592,-17.36000528645978,1385-02-03T20:46:51,45.966407775878906,-113.96670443862729,-16.934127623348964
1385-02-04T12:00:00,2226964,17.203611111111112,31.288888888888888,27.083333333333332,36.11972222222222,1385-02-05T12:07:11,28.58332633972168,-90.57588599503842,-19.97106184169393,1385-02-05T00:00:00,33.09775161743164,-97.02082325617805,-19.20589468812574,1385-02-04T20:42:55,34.89973068237305,-99.45482844208023,-18.927815349076567
1385-02-05T12:00:00,2226965,17.233333333333334,31.2575,28.229166666666668,37.00194444444445,1385-02-06T13:00:07,18.366981506347656,-74.70097116533414,-20.064119346452983,1385-02-06T00:00:00,22.756559371948242,-81.91266346293934,-19.893405077442214,1385-02-05T20:39:00,24.472259521484375,-84.52103283059363,-19.809517254811883
1385-02-06T12:00:00,2226966,17.263055555555557,31.225555555555555,29.24527777777778,38.050555555555555,1385-02-07T14:03:02,9.899168014526367,-58.735808084261876,-18.765854546275083,1385-02-07T00:00:00,13.803924560546875,-66.68420273128149,-19.33252326818772,1385-02-06T20:35:04,15.29195499420166,-69.39630188137498,-19.4691206518131
1385-02-07T12:00:00,2226967,17.29277777777778,31.193333333333335,30.103055555555557,39.233888888888885,1385-02-08T15:14:02,3.814587116241455,-43.033218637538376,-16.165934493347606,1385-02-08T00:00:00,6.796170711517334,-51.62904526427131,-17.55492694065043,1385-02-07T20:31:08,7.926167011260986,-54.36364576297756,-17.909277008930665
1385-02-08T12:00:00,2226968,17.322499999999998,31.160833333333333,30.80777777777778,40.49444444444445,1385-02-09T16:29:40,0.551177442073822,-27.86107248456045,-12.511951987831607,1385-02-09T00:00:00,2.157254934310913,-36.99300520313887,-14.714831063997812,1385-02-08T20:27:12,2.83367657661438,-39.67819153544043,-15.254642615947933
1385-02-09T12:00:00,2226969,17.352222222222224,31.128055555555555,-1,41.774166666666666,1385-02-10T17:46:27,0.25980234146118164,-13.33805842709913,-8.150189195240952,1385-02-10T00:00:00,0.11940817534923553,-22.916108775860558,-11.05770912151335,1385-02-09T20:23:16,0.2993943989276886,-25.50238282618237,-11.72921154813168
1385-02-10T12:00:00,2226970,17.381666666666668,31.094722222222224,7.3875,17.774166666666666,1385-02-10T17:46:27,0.25979986786842346,-13.338086785209715,-8.150188380167632,1385-02-11T00:00:00,0.6965257525444031,-9.42281981458434,-6.872512760209184,1385-02-10T20:19:20,0.3951907753944397,-11.885277362715017,-7.61275370625877
1385-02-11T12:00:00,2226971,17.41111111111111,31.06138888888889,7.876944444444445,19.03388888888889,1385-02-11T19:02:02,2.7926738262176514,0.5592383915777491,-3.447435724548557,1385-02-12T00:00:00,3.7012531757354736,3.5517654118099795,-2.4472873061149376,1385-02-11T20:15:24,2.982790231704712,1.2184318701418833,-3.1956383981640806
1385-02-12T12:00:00,2226972,17.440555555555555,31.0275,8.308055555555557,20.25583333333333,1385-02-12T20:15:21,7.77284574508667,13.946799758473501,1.2667398420004774,1385-02-13T00:00:00,8.798545837402344,16.124413908912885,1.960095226912322,1385-02-12T20:11:28,7.7575788497924805,13.913587488269645,1.2545258807864506
1385-02-13T12:00:00,2226973,17.47,30.993333333333332,8.70722222222222,21.436666666666667,1385-02-13T21:26:12,14.701281547546387,26.980198685234985,5.724756505717202,1385-02-14T00:00:00,15.574854850769043,28.431309380681316,6.134472723012184,1385-02-13T20:07:32,14.315630912780762,26.330780403767783,5.509654122384213
1385-02-14T12:00:00,2226974,17.499166666666667,30.95888888888889,9.096666666666668,22.578333333333333,1385-02-14T22:34:42,23.053701400756836,39.815662587394215,9.721128413419219,1385-02-15T00:00:00,23.600618362426758,40.60513790576557,9.903481533870147,1385-02-14T20:03:37,22.22036361694336,38.60139965893094,9.3845946902778
1385-02-15T12:00:00,2226975,17.528333333333332,30.924444444444447,9.496388888888887,23.68277777777778,1385-02-15T23:40:58,32.34292984008789,52.586641235268004,13.101416370837569,1385-02-16T00:00:00,32.472564697265625,52.7604401602047,13.130848359449681,1385-02-15T19:59:41,31.051176071166992,50.840149106429934,12.732443357649696
1385-02-16T12:00:00,2226976,17.5575,30.889444444444443,9.92611111111111,24.74888888888889,1385-02-17T00:44:56,42.14372634887695,65.38936329866532,15.749407118900479,1385-02-17T00:00:00,41.83203125,64.98310782565879,15.708346957337808,1385-02-16T19:55:45,40.42930221557617,63.13456302591976,15.436986144266793
1385-02-17T12:00:00,2226977,17.586388888888887,30.854444444444443,10.40611111111111,25.768333333333334,1385-02-18T01:46:06,52.08890914916992,78.27328059275668,17.57775449996038,1385-02-18T00:00:00,51.36458969116211,77.32411012378543,17.549494132217372,1385-02-17T19:51:49,50.02170181274414,75.53686829329214,17.406324767202975
1385-02-18T12:00:00,2226978,17.61527777777778,30.819166666666668,10.95722222222222,26.727222222222224,1385-02-19T02:43:38,61.85274887084961,91.24033907811817,18.524751488106457,1385-02-19T00:00:00,60.787654876708984,89.79715188420556,18.58672393750127,1385-02-18T19:47:53,59.5313606262207,88.0608872778093,18.56983115665209
1385-02-19T12:00:00,2226979,17.64388888888889,30.78361111111111,11.6,27.608888888888888,1385-02-20T03:36:32,71.13082885742188,104.25276099573244,18.55579756484793,1385-02-20T00:00:00,69.83255004882812,102.38156061931527,18.772805225829586,1385-02-19T19:43:57,68.68074798583984,100.68468433840289,18.878966724320083
1385-02-20T12:00:00,2226980,17.672777777777778,30.747777777777777,12.349444444444446,28.399722222222223,1385-02-21T04:23:59,79.62410736083984,117.2512590801373,17.66716428312799,1385-02-21T00:00:00,78.22697448730469,115.03232803865203,18.08510832564006,1385-02-20T19:40:02,77.19476318359375,113.36053230350177,18.3110819238715
1385-02-21T12:00:00,2226981,17.70138888888889,30.711666666666666,13.211388888888887,29.093888888888888,1385-02-22T05:05:38,87.02921295166016,130.17849118698973,15.889299141580842,1385-02-22T00:00:00,85.68231201171875,127.69615851078565,16.53120354503818,1385-02-21T19:36:06,84.78771209716797,126.03076201836262,16.874461747095108
1385-02-22T12:00:00,2226982,17.72972222222222,30.675555555555555,14.17861111111111,29.696666666666665,1385-02-23T05:41:48,93.03677368164062,143.00165374498107,13.28815909130038,1385-02-23T00:00:00,91.8898696899414,140.33004907153307,14.153985772346857,1385-02-22T19:32:10,91.15935516357422,138.64740511130398,14.612696538804531
1385-02-23T12:00:00,2226983,17.758333333333333,30.639444444444443,15.233888888888888,30.22222222222222,1385-02-24T06:13:20,97.3387451171875,155.7260798102889,9.965305010561814,1385-02-24T00:00:00,96.52947235107422,152.91748342944862,11.03511881486091,1385-02-23T19:28:14,96.00192260742188,151.1884481662872,11.607193000115648
1385-02-24T12:00:00,2226984,17.78666666666667,30.602777777777778,16.354166666666668,30.68888888888889,1385-02-25T06:41:20,99.64818572998047,168.39912579548437,6.057729989687062,1385-02-25T00:00:00,99.29249572753906,165.47826816671758,7.2963502985571305,1385-02-24T19:24:18,99.0206069946289,163.66812428162132,7.977441217578925
1385-02-25T12:00:00,2226985,17.815,30.566111111111113,17.520555555555553,31.11638888888889,1385-02-26T07:06:59,99.73191833496094,-178.89263270866306,1.7371395447451807,1385-02-26T00:00:00,99.9177017211914,178.07046818206447,3.098694889560296,1385-02-25T19:20:22,99.96554565429688,176.1392016248828,3.8792136038460425
1385-02-26T12:00:00,2226986,17.843055555555555,30.529444444444444,18.71861111111111,31.524722222222223,1385-02-27T07:31:29,97.44955444335938,-166.03166226749954,-2.791710437459511,1385-02-27T00:00:00,98.23390197753906,-169.21508589108197,-1.3605030816024066,1385-02-26T19:16:26,98.66963958740234,-171.31228283027954,-0.498889463550964
1385-02-27T12:00:00,2226987,17.871111111111112,30.4925,19.941944444444445,31.934722222222224,1385-02-28T07:56:05,92.78846740722656,-152.88261708543786,-7.294319840645348,1385-02-28T00:00:00,94.198974609375,-156.266840547127,-5.8528123701104775,1385-02-27T19:12:30,95.08318328857422,-158.5775504282779,-4.940755258077566
1385-02-28T12:00:00,2226988,17.899166666666666,30.455277777777777,21.186666666666667,32.367777777777775,1385-03-01T08:22:04,85.88545227050781,-139.31268023407844,-11.511943365217252,1385-03-01T00:00:00,87.92420196533203,-142.97107686183782,-10.126727293208662,1385-02-28T19:08:34,89.29559326171875,-145.54171321439262,-9.209685816393524
1385-03-01T12:00:00,2226989,17.927222222222223,30.418055555555554,22.44611111111111,32.849444444444444,1385-03-02T08:50:58,77.02815246582031,-125.21813026152705,-15.171782702759172,1385-03-02T00:00:00,79.67688751220703,-129.2375334244264,-13.919396053534523,1385-03-01T19:04:38,81.53863525390625,-132.10602482323006,-13.057881207915967
1385-03-02T12:00:00,2226990,17.955,30.380833333333335,23.70638888888889,33.40972222222222,1385-03-03T09:24:35,66.6393814086914,-110.55962322327476,-18.003224620350256,1385-03-03T00:00:00,69.86190032958984,-115.03071959130538,-16.973707187579627,1385-03-02T19:00:42,72.17152404785156,-118.21571000714455,-16.239795306912228
1385-03-03T12:00:00,2226991,17.982777777777777,30.343333333333334,24.9375,34.08166666666666,1385-03-04T10:04:54,55.25126647949219,-95.39584936006997,-19.763645389518096,1385-03-04T00:00:00,58.98899841308594,-100.39950673471277,-19.062304111405403,1385-03-03T18:56:47,61.654178619384766,-103.88842372671196,-18.531268140475056
1385-03-04T12:00:00,2226992,18.010555555555555,30.305833333333332,26.095277777777778,34.89555555555555,1385-03-05T10:53:44,43.477333068847656,-79.89727042803953,-20.273393412872366,1385-03-05T00:00:00,47.63494873046875,-85.48959361580711,-20.017410638965842,1385-03-04T18:52:51,50.51668167114258,-89.23208996958861,-19.754747390339755
1385-03-05T12:00:00,2226993,18.038333333333334,30.268333333333334,27.131944444444443,35.86388888888889,1385-03-06T11:51:50,31.98636817932129,-64.32228568437344,-19.454126103619092,1385-03-06T00:00:00,36.406246185302734,-70.52256657214673,-19.759644350187347,1385-03-05T18:48:55,39.32866287231445,-74.43495262815198,-19.80675501152692
1385-03-06T12:00:00,2226994,18.066111111111113,30.230833333333333,28.018055555555556,36.970555555555556,1385-03-07T12:58:14,21.467327117919922,-48.95018130676225,-17.355785225614365,1385-03-07T00:00:00,25.90317153930664,-55.740898562061865,-18.314407348218797,1385-03-06T18:44:59,28.670839309692383,-59.72424828392456,-18.678108605458515
1385-03-07T12:00:00,2226995,18.09361111111111,30.193055555555556,28.7525,38.172222222222224,1385-03-08T14:10:20,12.573979377746582,-34.00097855906571,-14.156451187192689,1385-03-08T00:00:00,16.683015823364258,-41.342633931046436,-15.80736147193382,1385-03-07T18:41:03,19.1031551361084,-45.30504459911809,-16.457675664388297
1385-03-08T12:00:00,2226996,18.121111111111112,30.155277777777776,29.358333333333334,39.41777777777778,1385-03-09T15:25:04,5.849015235900879,-19.582120612714807,-10.129454521543606,1385-03-09T00:00:00,9.221132278442383,-27.437899294025534,-12.440751764950008,1385-03-08T18:37:07,11.128670692443848,-31.310992092198056,-13.317299695250027
1385-03-09T12:00:00,2226997,18.148611111111112,30.1175,29.86777777777778,40.66694444444445,1385-03-10T16:40:01,1.6533185243606567,-5.685584096203496,-5.593120693856413,1385-03-10T00:00:00,3.872993230819702,-14.04185714193796,-8.461023178272686,1385-03-09T18:33:12,5.153035640716553,-17.785517114962396,-9.484625737361975
1385-03-10T12:00:00,2226998,18.176111111111112,30.079444444444444,-1,41.89666666666666,1385-03-11T17:53:48,0.12831978499889374,7.778566480030112,-0.8656041848855118,1385-03-11T00:00:00,0.845100998878479,-1.095227593155536,-4.128548478688909,1385-03-10T18:29:16,1.4473494291305542,-4.69345701620201,-5.213933983445489
1385-03-11T12:00:00,2226999,18.203611111111112,30.041666666666668,-1,43.0975,1385-03-12T19:05:51,1.2028052806854248,20.939398952273343,3.7639745331391423,1385-03-12T00:00:00,0.18381628394126892,11.505288332432317,0.30496323219596544,1385-03-11T18:25:20,0.12439727038145065,8.0528695872233,-0.761414731043089
1385-03-12T12:00:00,2227000,18.230833333333333,30.003611111111113,6.7186111111111115,19.0975,1385-03-12T19:05:51,1.2028052806854248,20.939398943805273,3.7639745395610853,1385-03-13T00:00:00,1.7870432138442993,23.87917603377403,4.610694864917452,1385-03-12T18:21:24,1.1378942728042603,20.56546616722409,3.6321254133493417
1385-03-13T12:00:00,2227001,18.258333333333333,29.965833333333332,7.108888888888888,20.266944444444444,1385-03-13T20:16:01,4.636538505554199,33.92973662360591,8.049142980153588,1385-03-14T00:00:00,5.436068534851074,36.14121523832325,8.59010712630872,1385-03-13T18:17:28,4.305614471435547,32.95733947105013,7.7522327242606845
1385-03-14T12:00:00,2227002,18.285555555555558,29.927777777777777,7.503333333333333,21.403888888888886,1385-03-14T21:24:14,10.082195281982422,46.861839594806455,11.789796698696334,1385-03-15T00:00:00,10.838200569152832,48.387131547696654,12.077453165100701,1385-03-14T18:13:32,9.34949016571045,45.32588134051381,11.416256536244436
1385-03-15T12:00:00,2227003,18.31277777777778,29.889722222222222,7.920555555555556,22.504722222222224,1385-03-15T22:30:17,17.145706176757812,59.81213136166937,14.830777118229545,1385-03-16T00:00:00,17.668598175048828,60.68428895541463,14.939362240309242,1385-03-15T18:09:36,15.940735816955566,57.74152400066501,14.475065730399535
1385-03-16T12:00:00,2227004,18.34,29.851944444444445,8.380555555555556,23.560555555555556,1385-03-16T23:33:38,25.430866241455078,72.81327215255301,17.058736386432383,1385-03-17T00:00:00,25.60245704650879,73.06720715899056,17.072940380603136,1385-03-16T18:05:40,23.738040924072266,70.24066920907926,16.812692053606657
1385-03-17T12:00:00,2227005,18.36722222222222,29.81388888888889,8.903055555555556,24.556944444444444,1385-03-18T00:33:25,34.56377410888672,85.85484266056541,18.39938821259172,1385-03-18T00:00:00,34.33268737792969,85.53745313647192,18.404153394525952,1385-03-17T18:01:45,32.41252136230469,82.82488087409047,18.345325513619468
1385-03-18T12:00:00,2227006,18.394166666666667,29.77583333333333,9.508055555555556,25.476111111111113,1385-03-19T01:28:34,44.19963836669922,98.89368379162,18.81535539269383,1385-03-19T00:00:00,43.573856353759766,98.06992035782984,18.88655839737764,1385-03-18T17:57:49,41.657047271728516,95.46567717049018,19.020176120910463
1385-03-19T12:00:00,2227007,18.42138888888889,29.738055555555555,10.211944444444443,26.303333333333335,1385-03-20T02:18:12,54.0184326171875,111.87401898615336,18.30362292054044,1385-03-20T00:00:00,53.054954528808594,110.62475039802611,18.500366151108338,1385-03-19T17:53:53,51.1830940246582,108.11666859021658,18.814644440625106
1385-03-20T12:00:00,2227008,18.448333333333334,29.700277777777778,11.024166666666668,27.031388888888888,1385-03-21T03:01:53,63.71210861206055,124.749803108871,16.89195512979027,1385-03-21T00:00:00,62.504459381103516,123.16259029261765,17.252219556636902,1385-03-20T17:49:57,60.70841979980469,120.72957991597367,17.73535655792389
1385-03-21T12:00:00,2227009,18.475555555555555,29.662222222222223,11.943055555555556,27.663333333333334,1385-03-22T03:39:48,72.96747589111328,137.5037809345114,14.635162720835936,1385-03-22T00:00:00,71.63237762451172,135.6601571500775,15.175242553657547,1385-03-21T17:46:01,69.940673828125,133.2710794800108,15.817252649581585
1385-03-22T12:00:00,2227010,18.5025,29.624444444444446,12.955833333333333,28.2125,1385-03-23T04:12:45,81.4487075805664,150.15849079584476,11.613010773428678,1385-03-23T00:00:00,80.11380767822266,148.1222666013567,12.33017944573478,1385-03-22T17:42:05,78.56185913085938,145.73600217353268,13.123238170008907
1385-03-23T12:00:00,2227011,18.529444444444444,29.586944444444445,14.045,28.69638888888889,1385-03-24T04:41:47,88.78433990478516,162.7764414120967,7.932290718870878,1385-03-24T00:00:00,87.57979583740234,160.58819380604373,8.808339565288176,1385-03-23T17:38:09,86.21891021728516,158.1541347574204,9.74532492249775
1385-03-24T12:00:00,2227012,18.55638888888889,29.549166666666665,15.193055555555556,29.13527777777778,1385-03-25T05:08:07,94.5712661743164,175.45692943101687,3.7318963650435553,1385-03-25T00:00:00,93.62254333496094,173.13191676843525,4.736602409990837,1385-03-24T17:34:13,92.527099609375,170.59102041521103,5.807539231624995
1385-03-25T12:00:00,2227013,18.58361111111111,29.511666666666667,16.386944444444445,29.549444444444443,1385-03-26T05:32:58,98.39945220947266,-171.67285808521538,-0.8097790305245135,1385-03-26T00:00:00,97.82122039794922,-174.14339675823106,0.28353305234725495,1385-03-25T17:30:18,97.09085845947266,-176.85740325673984,1.4701958683858816
1385-03-26T12:00:00,2227014,18.610555555555557,29.47416666666667,17.61888888888889,29.95916666666667,1385-03-27T05:57:33,99.90080261230469,-158.47053314479155,-5.468944019535885,1385-03-27T00:00:00,99.79092407226562,-161.11686643793755,-4.3359348860682,1385-03-26T17:26:22,99.54454803466797,-164.07536850351312,-3.0664282211733624
1385-03-27T12:00:00,2227015,18.6375,29.436944444444443,18.884722222222223,30.386388888888888,1385-03-28T06:23:11,98.81364440917969,-144.7979665961603,-9.976219582199231,1385-03-28T00:00:00,99.24861145019531,-147.6688485629773,-8.861247749549289,1385-03-27T17:22:26,99.60840606689453,-150.94303920004972,-7.5624427078759116
1385-03-28T12:00:00,2227016,18.66444444444444,29.399722222222223,20.177222222222223,30.855833333333333,1385-03-29T06:51:21,95.04556274414062,-130.55143783547337,-14.026569020524894,1385-03-29T00:00:00,96.07904815673828,-133.70927859932718,-12.9970627840208,1385-03-28T17:18:30,97.14588165283203,-137.36034692730186,-11.7459500226766
1385-03-29T12:00:00,2227017,18.691388888888888,29.3625,21.481111111111108,31.39638888888889,1385-03-30T07:23:47,88.7130126953125,-115.70089471316959,-17.303676418243047,1385-03-30T00:00:00,90.37796020507812,-119.21423672201377,-16.437860800734377,1385-03-29T17:14:34,92.20429229736328,-123.27786338886669,-15.331434658151982
1385-03-30T12:00:00,2227018,18.71833333333333,29.325555555555553,22.765,32.04111111111111,1385-03-31T08:02:28,80.14286041259766,-100.32748236502032,-19.519404615647137,1385-03-31T00:00:00,82.45497131347656,-104.26074293332128,-18.906476449183657,1385-03-30T17:10:38,85.0240707397461,-108.72980563716732,-18.04970199114314
1385-03-31T12:00:00,2227019,18.74527777777778,29.28861111111111,23.979999999999997,32.820277777777775,1385-04-01T08:49:13,69.83843994140625,-84.63742732732258,-20.462199082841437,1385-04-01T00:00:00,72.79486083984375,-89.03864028765233,-20.199743068273147,1385-03-31T17:06:42,76.01275634765625,-93.8523527220758,-19.686207410778326
1385-04-01T12:00:00,2227020,18.772222222222222,29.251944444444444,25.071944444444444,33.75,1385-04-02T09:45:00,58.425384521484375,-68.9265648602526,-20.04062346122812,1385-04-02T00:00:00,61.992637634277344,-73.81864311668944,-20.22628780418572,1385-04-01T17:02:46,65.69490051269531,-78.86971103127813,-20.11725431815464
1385-04-02T12:00:00,2227021,18.799166666666668,29.21527777777778,26.004444444444445,34.818333333333335,1385-04-03T10:49:06,46.59492874145508,-53.49975476332521,-18.303909944212947,1385-04-03T00:00:00,50.68453598022461,-58.879729091507116,-19.01957841610152,1385-04-02T16:58:50,54.65458679199219,-64.04035106672127,-19.33029207966971
1385-04-03T12:00:00,2227022,18.82611111111111,29.17888888888889,26.773055555555555,35.985,1385-04-04T11:59:06,35.04838180541992,-38.58141211853161,-15.428287394765523,1385-04-04T00:00:00,39.49147033691406,-44.431479773722124,-16.72014438307655,1385-04-03T16:54:54,43.48515701293945,-49.585417316832576,-17.418809938467124
1385-04-04T12:00:00,2227023,18.853055555555557,29.142777777777777,27.400555555555556,37.20111111111111,1385-04-05T13:12:04,24.441308975219727,-24.263722656022818,-11.673835546075082,1385-04-05T00:00:00,28.980615615844727,-30.5713492153333,-13.537905361476868,1385-04-04T16:50:59,32.75212097167969,-35.635483419595104,-14.555532506651378
1385-04-05T12:00:00,2227024,18.88,29.106666666666666,27.921944444444446,38.42722222222222,1385-04-06T14:25:38,15.335531234741211,-10.513095977526524,-7.33414857973134,1385-04-06T00:00:00,19.6416072845459,-17.28770936279905,-9.713296989500398,1385-04-05T16:47:03,22.968063354492188,-22.21713528360132,-10.958168623834775
1385-04-06T12:00:00,2227025,18.90722222222222,29.070833333333333,28.369999999999997,39.64055555555555,1385-04-07T15:38:26,8.165152549743652,2.788062757616507,-2.699914266148969,1385-04-07T00:00:00,11.871321678161621,-4.491056627029091,-5.4897024541065935,1385-04-06T16:43:07,14.573171615600586,-9.271285819077477,-6.8606937756423685
1385-04-07T12:00:00,2227026,18.934166666666666,29.03527777777778,28.77388888888889,40.83277777777778,1385-04-08T16:49:58,3.217905282974243,15.794628837591448,1.9589058695227934,1385-04-08T00:00:00,5.962972164154053,7.949115684207376,-1.0990330471593455,1385-04-07T16:39:11,7.919179439544678,3.3136664048601396,-2.495930076586501
1385-04-08T12:00:00,2227027,18.961111111111112,28.99972222222222,-1,42.00222222222222,1385-04-09T18:00:08,0.6311729550361633,28.660921900854557,6.39862055563692,1385-04-09T00:00:00,2.0990469455718994,20.174021908683674,3.2439004115011842,1385-04-08T16:35:15,3.254326343536377,15.671376892645652,1.9133194899042114
1385-04-09T12:00:00,2227028,18.988055555555558,28.964444444444446,-1,43.14833333333333,1385-04-10T19:08:54,0.40063685178756714,41.51498980477233,10.403970619754418,1385-04-10T00:00:00,0.350378155708313,32.31406225431173,7.343338120578848,1385-04-09T16:31:19,0.7137036323547363,27.933195448818843,6.158175475042774
1385-04-10T12:00:00,2227029,19.01527777777778,28.929444444444446,5.5377777777777775,19.148333333333333,1385-04-10T19:08:54,0.4006369113922119,41.51498979295984,10.403970629059517,1385-04-11T00:00:00,0.6837639212608337,44.47398487151248,11.02419736473912,1385-04-10T16:27:24,0.31835153698921204,40.21026128695746,10.047012202244987
1385-04-11T12:00:00,2227030,19.042222222222225,28.89472222222222,5.937222222222222,20.268055555555556,1385-04-11T20:16:05,2.401324510574341,54.44133395894079,13.791089341667366,1385-04-12T00:00:00,2.978548526763916,56.72272120909149,14.134776460620316,1385-04-11T16:23:28,1.9855691194534302,52.58002296868544,13.409562352345507
1385-04-12T12:00:00,2227031,19.069166666666668,28.860277777777778,6.373611111111111,21.352222222222224,1385-04-12T21:21:08,6.417178153991699,67.46997509908775,16.412192836645982,1385-04-13T00:00:00,7.049595355987549,69.08774957361486,16.550560856147797,1385-04-12T16:19:32,5.549476146697998,65.0782135058058,16.102185874969127
1385-04-13T12:00:00,2227032,19.09611111111111,28.82611111111111,6.866111111111111,22.384722222222223,1385-04-13T22:23:05,12.173118591308594,80.57542003679016,18.161461948029604,1385-04-14T00:00:00,12.67201042175293,81.55554376612959,18.17832339124144,1385-04-13T16:15:36,10.787212371826172,77.6957115668802,18.01372083290012
1385-04-14T12:00:00,2227033,19.123055555555556,28.79222222222222,7.4350000000000005,23.345555555555553,1385-04-14T23:20:44,19.364734649658203,93.68921705617275,18.979442578026703,1385-04-15T00:00:00,19.602699279785156,94.08013420228544,18.95895667252413,1385-04-14T16:11:40,17.444713592529297,90.38467388590664,19.07025702149174
1385-04-15T12:00:00,2227034,19.15,28.758333333333333,8.0975,24.21472222222222,1385-04-16T00:12:53,27.681041717529297,106.72410291543223,18.852969177212035,1385-04-16T00:00:00,27.594589233398438,106.59905795986384,18.868238018939085,1385-04-15T16:07:44,25.25649642944336,103.0737100015476,19.237184250551536
1385-04-16T12:00:00,2227035,19.176944444444445,28.725,8.864166666666666,24.980833333333333,1385-04-17T00:58:51,36.819339752197266,119.60615063938992,17.80915421385033,1385-04-17T00:00:00,36.40188980102539,119.05418646698023,17.914318370787008,1385-04-16T16:03:48,33.95658493041992,115.69014931186665,18.51750089918993
1385-04-17T12:00:00,2227036,19.203611111111112,28.691944444444445,9.735833333333332,25.64388888888889,1385-04-18T01:38:38,46.487159729003906,132.29977776613273,15.905322621369473,1385-04-18T00:00:00,45.77593994140625,131.4113762831658,16.13285497630753,1385-04-17T15:59:52,43.279056549072266,128.18223678598505,16.946665503342814
1385-04-18T12:00:00,2227037,19.230555555555554,28.659166666666668,10.702222222222222,26.215,1385-04-19T02:12:54,56.391441345214844,144.82095752325947,13.219383641274376,1385-04-19T00:00:00,55.45279312133789,143.674143670119,13.582176872609628,1385-04-18T15:55:56,52.9496955871582,140.53577798094213,14.586120315750911
1385-04-19T12:00:00,2227038,19.25722222222222,28.626666666666665,11.747222222222222,26.7125,1385-04-20T02:42:45,66.21733093261719,157.23786402111048,9.845007869006668,1385-04-20T00:00:00,65.13497924804688,155.88955644149343,10.340675558424236,1385-04-19T15:52:00,62.67108154296875,152.78176853315787,11.51832773528937
1385-04-20T12:00:00,2227039,19.28388888888889,28.594444444444445,12.854444444444445,27.156944444444445,1385-04-21T03:09:25,75.60338592529297,169.66380166557198,5.8938911709327035,1385-04-21T00:00:00,74.47164916992188,168.14718059668226,6.508710024738432,1385-04-20T15:48:05,72.10523223876953,164.99579575452725,7.845783237556022
1385-04-21T12:00:00,2227040,19.310555555555556,28.56277777777778,14.013055555555555,27.569166666666668,1385-04-22T03:34:09,84.12368774414062,-177.75203312858363,1.5044409046792537,1385-04-22T00:00:00,83.04389953613281,-179.42699621940844,2.2158157539582652,1385-04-21T15:44:09,80.85958862304688,177.29140500189663,3.6952325928179404
1385-04-22T12:00:00,2227041,19.33722222222222,28.531388888888888,15.2175,27.969722222222224,1385-04-23T03:58:11,91.2870864868164,-164.83640639338617,-3.144934610374752,1385-04-23T00:00:00,90.36506652832031,-166.6810625136163,-2.367834973333231,1385-04-22T15:40:13,88.48516082763672,-170.18984973042475,-0.773873353473702
1385-04-23T12:00:00,2227042,19.363611111111112,28.50027777777778,16.46722222222222,28.380555555555556,1385-04-24T04:22:50,96.56492614746094,-151.4090137549682,-7.822325011572052,1385-04-24T00:00:00,95.90790557861328,-153.4542044670307,-7.019330910954687,1385-04-23T15:36:17,94.49546813964844,-157.29348197044072,-5.35915692541999
1385-04-24T12:00:00,2227043,19.39,28.469722222222224,17.761111111111113,28.82611111111111,1385-04-25T04:49:34,99.4531021118164,-137.3117779000739,-12.235283932209247,1385-04-25T00:00:00,99.16606903076172,-139.60493297065622,-11.457166573505058,1385-04-24T15:32:21,98.41363525390625,-143.87455287382662,-9.80884232608677
1385-04-25T12:00:00,2227044,19.41638888888889,28.439444444444444,19.090833333333332,29.335,1385-04-26T05:20:06,99.56271362304688,-122.45472683613882,-16.04083938931127,1385-04-26T00:00:00,99.7448501586914,-125.05459016622787,-15.351564505487257,1385-04-25T15:28:25,99.84491729736328,-129.8323517775734,-13.826367382424136
1385-04-26T12:00:00,2227045,19.442777777777778,28.409444444444446,20.43,29.94222222222222,1385-04-27T05:56:32,96.7140121459961,-106.87283695545128,-18.882626776706875,1385-04-27T00:00:00,97.45671844482422,-109.84118390300719,-18.36051366282978,1385-04-26T15:24:29,98.55868530273438,-115.1549498708812,-17.094594783068366
1385-04-27T12:00:00,2227046,19.468888888888888,28.380277777777778,21.728888888888886,30.683333333333334,1385-04-28T06:41:00,90.99855041503906,-90.77039181670159,-20.455746005782512,1385-04-28T00:00:00,92.38400268554688,-94.1587551612734,-20.192068567446277,1385-04-27T15:20:33,94.55076599121094,-99.96076681367853,-19.322373961836952
1385-04-28T12:00:00,2227047,19.494722222222222,28.35111111111111,22.92,31.58388888888889,1385-04-29T07:35:02,82.78396606445312,-74.50483576078906,-20.582630813969043,1385-04-29T00:00:00,84.87860870361328,-78.34178568292177,-20.674368949496678,1385-04-28T15:16:37,88.06047058105469,-84.50525262144431,-20.3045117700841
1385-04-29T12:00:00,2227048,19.520833333333332,28.322777777777777,23.946666666666665,32.63805555555555,1385-04-30T08:38:17,72.66328430175781,-58.49271288147836,-19.264426885524703,1385-04-30T00:00:00,75.497802734375,-62.77591345541956,-19.79840833594565,1385-04-29T15:12:42,79.53362274169922,-69.12675785555584,-19.970291615724157
1385-04-30T12:00:00,2227049,19.54638888888889,28.294722222222223,24.788333333333334,33.805277777777775,1385-05-01T09:48:19,61.36404800415039,-43.0718002379954,-16.676467437439594,1385-05-01T00:00:00,64.90483856201172,-47.77651291696063,-17.707743143938053,1385-04-30T15:08:46,69.54823303222656,-54.14623029852241,-18.39406117729703
1385-05-01T12:00:00,2227050,19.572222222222223,28.266944444444444,25.464444444444446,35.028333333333336,1385-05-02T11:01:42,49.643409729003906,-28.406869184826828,-13.107802905021158,1385-05-02T00:00:00,53.773223876953125,-33.50860951321316,-14.644172040392212,1385-05-01T15:04:50,58.73086929321289,-39.77526223217984,-15.762621820941748
1385-05-02T12:00:00,2227051,19.5975,28.240000000000002,26.013055555555557,36.25944444444444,1385-05-03T12:15:34,38.19968032836914,-14.484136603053493,-8.883007442838354,1385-05-03T00:00:00,42.719905853271484,-19.981237417138733,-10.884142726357341,1385-05-02T15:00:54,47.68973159790039,-26.081878406458774,-12.321228873002159
1385-05-03T12:00:00,2227052,19.623055555555556,28.213333333333335,26.47388888888889,37.47222222222222,1385-05-04T13:28:20,27.622356414794922,-1.167170208732136,-4.307338976987747,1385-05-04T00:00:00,32.272396087646484,-7.09147098400473,-6.694261405361726,1385-05-03T14:56:58,36.974002838134766,-13.011951011918182,-8.326410688040367
1385-05-04T12:00:00,2227053,19.648055555555555,28.18722222222222,26.879166666666666,38.65833333333333,1385-05-05T14:39:30,18.379322052001953,11.736514442415544,0.35278468750462755,1385-05-05T00:00:00,22.860807418823242,5.321749382382479,-2.312309604100459,1385-05-04T14:53:03,27.05562400817871,-0.43406543619629656,-4.019043544749321
1385-05-05T12:00:00,2227054,19.673055555555557,28.161944444444444,27.255,39.81944444444444,1385-05-06T15:49:10,10.822856903076172,24.426040301598228,4.867121127421428,1385-05-06T00:00:00,14.822212219238281,17.435705014083915,2.0541262522668338,1385-05-05T14:49:07,18.325931549072266,11.816534553369177,0.3834726123878781
1385-05-06T12:00:00,2227055,19.697777777777777,28.136944444444445,27.62361111111111,40.95944444444444,1385-05-07T16:57:34,5.199573993682861,37.07544703814358,9.032381505168933,1385-05-07T00:00:00,8.407842636108398,29.41674920931733,6.221690497380082,1385-05-06T14:45:11,11.096185684204102,23.907037962102617,4.685069191276083
1385-05-07T12:00:00,2227056,19.72222222222222,28.1125,28.003888888888888,42.079166666666666,1385-05-08T18:04:45,1.6575982570648193,49.81260618386814,12.66628601742172,1385-05-08T00:00:00,3.788898229598999,41.403069060325464,10.025149529533298,1385-05-07T14:41:15,5.598574161529541,35.98547526708726,8.705843249105751
1385-05-08T12:00:00,2227057,19.74638888888889,28.08861111111111,-1,43.17333333333333,1385-05-09T19:10:24,0.2514658570289612,62.70421100424578,15.608560494942308,1385-05-09T00:00:00,1.0607081651687622,53.492622708494864,13.314819069766967,1385-05-08T14:37:19,1.985695719718933,48.16516425328027,12.279440133717344
1385-05-09T12:00:00,2227058,19.770555555555553,28.065277777777776,-1,44.22861111111111,1385-05-10T20:13:43,0.9478527307510376,75.74747828451564,17.728606631348157,1385-05-10T00:00:00,0.24720197916030884,65.73458411936124,15.958669481225183,1385-05-09T14:33:23,0.3305225074291229,60.512559464186225,15.254585975513704
1385-05-10T12:00:00,2227059,19.79416666666667,28.04277777777778,4.876388888888889,20.22861111111111,1385-05-10T20:13:43,0.9478527307510376,75.74747827229845,17.728606640657258,1385-05-11T00:00:00,1.307698130607605,78.12594807468956,17.84839047071383,1385-05-10T14:29:27,0.6293883323669434,73.03965785474047,17.501697927913035
1385-05-11T12:00:00,2227060,19.8175,28.020555555555553,5.408611111111111,21.223333333333333,1385-05-11T21:13:24,3.634671211242676,88.87412715412249,18.936782008420433,1385-05-12T00:00:00,4.146859645843506,90.61674088529982,18.907147627394675,1385-05-11T14:25:31,2.8098304271698,85.70407968344888,18.922148824458613
1385-05-12T12:00:00,2227061,19.840555555555554,27.999166666666667,6.030555555555556,22.134166666666665,1385-05-12T22:08:03,8.136001586914062,101.974041880229,19.19362968516686,1385-05-13T00:00:00,8.62695026397705,103.12602859926194,19.095783682277368,1385-05-12T14:21:35,6.742778301239014,98.42141464737809,19.45718312473611
1385-05-13T12:00:00,2227062,19.863333333333333,27.97833333333333,6.755277777777778,22.9425,1385-05-13T22:56:33,14.232431411743164,114.93165462532967,18.510995797929187,1385-05-14T00:00:00,14.580236434936523,115.56665178021619,18.414402763687242,1385-05-13T14:17:39,12.257028579711914,111.08940506246213,19.09247948646833
1385-05-14T12:00:00,2227063,19.885833333333334,27.958333333333332,7.585833333333333,23.642777777777777,1385-05-14T23:38:34,21.68290901184082,127.66515742247434,16.943368032597995,1385-05-15T00:00:00,21.818647384643555,127.8718474252346,16.898535014995907,1385-05-14T14:13:43,19.152698516845703,123.61784065067722,17.85603526780302
1385-05-15T12:00:00,2227064,19.907777777777778,27.93888888888889,8.513055555555555,24.241944444444446,1385-05-16T00:14:31,30.238576889038086,140.1501312613823,14.573897115338509,1385-05-16T00:00:00,30.138126373291016,140.01600702058514,14.611086439640816,1385-05-15T14:09:47,27.21033477783203,135.95458519860216,15.81013168015427
1385-05-16T12:00:00,2227065,19.929444444444446,27.92,9.519444444444446,24.756944444444443,1385-05-17T00:45:25,39.64427947998047,152.42700469725924,11.501539895772833,1385-05-17T00:00:00,39.315826416015625,152.02527279091845,11.634124636281145,1385-05-16T14:05:52,36.19324493408203,148.10063212023317,13.040957515651392
1385-05-17T12:00:00,2227066,19.950833333333332,27.901944444444446,10.586666666666668,25.20861111111111,1385-05-18T01:12:31,49.625789642333984,164.5947805690363,7.834814274600914,1385-05-18T00:00:00,49.09910583496094,163.97814794763713,8.06384980446328,1385-05-17T14:01:56,45.841678619384766,160.11273790196302,9.650429649710286
1385-05-18T12:00:00,2227067,19.971666666666664,27.884444444444444,11.701388888888888,25.618055555555557,1385-05-19T01:37:05,59.867637634277344,176.80055652280203,3.6936448825129435,1385-05-19T00:00:00,59.18739318847656,176.00005831150767,4.011607659507787,1385-05-18T13:58:00,55.85995864868164,172.09804784252484,5.75335164604711
1385-05-19T12:00:00,2227068,19.991944444444446,27.86777777777778,12.858055555555556,26.006944444444443,1385-05-20T02:00:25,69.98777770996094,-170.77082181205887,-0.7813038845621839,1385-05-20T00:00:00,69.20994567871094,-171.74554398067247,-0.3882746769277985,1385-05-19T13:54:04,65.89852905273438,-175.79604663724646,1.4814614285409515
1385-05-20T12:00:00,2227069,20.011944444444445,27.851944444444445,14.058055555555557,26.395833333333332,1385-05-21T02:23:45,79.51492309570312,-157.9106519341379,-5.412429175313413,1385-05-21T00:00:00,78.7069091796875,-159.06956629056697,-4.964694886224475,1385-05-20T13:50:08,75.5370864868164,-163.39421704796212,-3.00643789571484
1385-05-21T12:00:00,2227070,20.03111111111111,27.836666666666666,15.306944444444445,26.808055555555555,1385-05-22T02:48:29,87.88475036621094,-144.40510375868607,-9.967520842552917,1385-05-22T00:00:00,87.1259994506836,-145.77746648594297,-9.493566019034537,1385-05-21T13:46:12,84.27824401855469,-150.51000191850088,-7.510950736976976
1385-05-22T12:00:00,2227071,20.05027777777778,27.822222222222223,16.606944444444444,27.270833333333332,1385-05-23T03:16:15,94.46717071533203,-130.0721167695239,-14.14711096709136,1385-05-23T00:00:00,93.85092163085938,-131.70506197470488,-13.687063738506795,1385-05-22T13:42:16,91.56369018554688,-136.9731998590935,-11.78067202581535
1385-05-23T12:00:00,2227072,20.06861111111111,27.808611111111112,17.947777777777777,27.81861111111111,1385-05-24T03:49:07,98.63903045654297,-114.82105538810418,-17.59176590475337,1385-05-24T00:00:00,98.27410125732422,-116.77623723188225,-17.20178710019832,1385-05-23T13:38:20,96.82494354248047,-122.67292730565879,-15.512969121420909
1385-05-24T12:00:00,2227073,20.086388888888887,27.795555555555556,19.294722222222223,28.491944444444442,1385-05-25T04:29:31,99.89620208740234,-98.7293255725996,-19.925034395632455,1385-05-25T00:00:00,99.90900421142578,-101.07360740406912,-19.68119411161766,1385-05-24T13:34:24,99.56829071044922,-107.61643798041295,-18.37886980803814
1385-05-25T12:00:00,2227074,20.103611111111114,27.78333333333333,20.58222222222222,29.329444444444444,1385-05-26T05:19:46,97.9765625,-82.09250438030628,-20.837799108691687,1385-05-26T00:00:00,98.50997924804688,-84.88149704276904,-20.83535094906975,1385-05-25T13:30:29,99.47637176513672,-91.97965990978808,-20.07989447261313
1385-05-26T12:00:00,2227075,20.12027777777778,27.772222222222222,21.73222222222222,30.34638888888889,1385-05-27T06:20:47,92.94818115234375,-65.38466825834966,-20.18824528889368,1385-05-27T00:00:00,94.14799499511719,-68.64243965088569,-20.529812502351277,1385-05-26T13:26:33,96.4896240234375,-76.10486411992002,-20.42461187721508
1385-05-27T12:00:00,2227076,20.136388888888888,27.761666666666667,22.692222222222224,31.51388888888889,1385-05-28T07:30:50,85.2230453491211,-49.10829334623405,-18.06091025367493,1385-05-28T00:00:00,87.20274353027344,-52.81759142466953,-18.830052153852847,1385-05-27T13:22:37,90.83063507080078,-60.41217657840827,-19.387797237133245
1385-05-28T12:00:00,2227077,20.151944444444442,27.751944444444444,23.46,32.766666666666666,1385-05-29T08:46:00,75.47791290283203,-33.615883682474404,-14.737221774236895,1385-05-29T00:00:00,78.2744140625,-37.73391102683752,-15.969502969680754,1385-05-28T13:18:41,82.95899963378906,-45.26310401724563,-17.113591374432247
1385-05-29T12:00:00,2227078,20.166944444444447,27.743055555555557,24.07027777777778,34.038333333333334,1385-05-30T10:02:18,64.50702667236328,-19.023985243554712,-10.59378907313442,1385-05-30T00:00:00,68.05845642089844,-23.515571176071937,-12.266749893440513,1385-05-29T13:14:45,73.47782897949219,-30.859865516543838,-13.861599814986407
1385-05-30T12:00:00,2227079,20.18111111111111,27.735,24.568055555555556,35.287222222222226,1385-05-31T11:17:14,53.0771369934082,-5.2488647956205545,-6.000565272689686,1385-05-31T00:00:00,57.23488998413086,-10.111885105058054,-8.04569930339155,1385-05-30T13:10:49,63.0321159362793,-17.230107261323457,-9.93330269193717
1385-05-31T12:00:00,2227080,20.19472222222222,27.727777777777778,24.99277777777778,36.49805555555555,1385-06-01T12:29:53,41.843135833740234,7.904359687396014,-1.2693962283018803,1385-06-01T00:00:00,46.400489807128906,2.632905103886056,-3.5904779093585857,1385-05-31T13:06:53,52.230472564697266,-4.272230013948567,-5.61634760152881
1385-06-01T12:00:00,2227081,20.20777777777778,27.72138888888889,25.37527777777778,37.67166666666667,1385-06-02T13:40:18,31.32680320739746,20.66564582635877,3.351109665704195,1385-06-02T00:00:00,36.04475784301758,14.916333661568329,0.8658804968413671,1385-06-01T13:02:57,41.60383987426758,8.183805848642967,-1.1597346210001689
1385-06-02T12:00:00,2227082,20.22,27.715833333333332,25.740277777777777,38.815,1385-06-03T14:48:54,21.93182945251465,33.25287896443211,7.659874118420062,1385-06-03T00:00:00,26.554536819458008,26.936250641316704,5.133867069838482,1385-06-02T12:59:02,31.594013214111328,20.329562560547103,3.2278520296963022
1385-06-03T12:00:00,2227083,20.231388888888887,27.711111111111112,26.109166666666667,39.93416666666667,1385-06-04T15:56:03,13.968443870544434,45.84469746273577,11.485832832103474,1385-06-04T00:00:00,18.230632781982422,38.866851860568936,9.054441389280845,1385-06-04T00:53:08,17.898221969604492,39.386763446586215,9.199954094360045
1385-06-04T12:00:00,2227084,20.242222222222225,27.70722222222222,26.500833333333333,41.03,1385-06-05T17:01:48,7.673031806945801,58.56227801962099,14.677483466575733,1385-06-05T00:00:00,11.304884910583496,50.843985156873075,12.488272844346538,1385-06-05T00:49:12,11.047135353088379,51.34771627082878,12.606352442025406
1385-06-05T12:00:00,2227085,20.252222222222223,27.704166666666666,26.935555555555556,42.09444444444445,1385-06-06T18:05:40,3.2179453372955322,71.45536137846089,17.10228694921689,1385-06-06T00:00:00,5.952264785766602,62.95458410442639,15.310725924656388,1385-06-06T00:45:16,5.77323055267334,63.43757993492931,15.397105905316964
1385-06-06T12:00:00,2227086,20.261666666666667,27.701944444444443,27.433888888888887,43.11055555555556,1385-06-07T19:06:38,0.7117636203765869,84.49737194155148,18.655210867483827,1385-06-07T00:00:00,2.297149419784546,75.22959444046862,17.413363114613727,1385-06-07T00:41:20,2.195158004760742,75.68496074433182,17.466379483212833
1385-06-07T12:00:00,2227087,20.27,27.700833333333335,-1,44.05416666666667,1385-06-08T20:03:15,0.19544664025306702,97.59544402052911,19.271684851986638,1385-06-08T00:00:00,0.41546258330345154,87.6434118543393,18.710734103192337,1385-06-08T00:37:24,0.3834451735019684,88.0631904026681,18.731668438110468
1385-06-08T12:00:00,2227088,20.27777777777778,27.700277777777778,-1,44.903055555555554,1385-06-09T20:54:11,1.64075767993927,110.62229903224298,18.93768633298455,1385-06-09T00:00:00,0.33523356914520264,100.12390396769328,19.149376656102813,1385-06-09T00:33:28,0.36171746253967285,100.50046168456316,19.142338497777292
1385-06-09T12:00:00,2227089,20.285,27.700833333333335,4.700833333333334,20.903055555555554,1385-06-09T20:54:11,1.64075767993927,110.62229902457653,18.937686338578537,1385-06-10T00:00:00,2.037841796875,112.57420804598581,18.71481591450278,1385-06-10T00:29:33,2.108323335647583,112.901840259237,18.686152742234967
1385-06-10T12:00:00,2227090,20.291111111111114,27.701944444444443,5.493055555555555,21.64388888888889,1385-06-10T21:38:38,4.957220554351807,123.45817570895876,17.690239897556992,1385-06-11T00:00:00,5.461104393005371,124.9017958255069,17.43298171519602,1385-06-11T00:25:37,5.559577941894531,125.17745294199254,17.3903209641995
1385-06-11T12:00:00,2227091,20.29638888888889,27.704166666666666,6.3875,22.278055555555554,1385-06-11T22:16:41,10.006505966186523,136.0293464580113,15.607431092368603,1385-06-12T00:00:00,10.503938674926758,137.04602039799494,15.365098030032042,1385-06-12T00:21:41,10.614501953125,137.2697513558466,15.316228882649838
1385-06-12T12:00:00,2227092,20.300833333333333,27.706944444444446,7.366111111111111,22.81861111111111,1385-06-12T22:49:07,16.616945266723633,148.3271157932901,12.793633492670095,1385-06-13T00:00:00,17.03099250793457,148.99622112133562,12.598328781817944,1385-06-13T00:17:45,17.139238357543945,149.1705354413836,12.550254304566053
1385-06-13T12:00:00,2227093,20.304722222222225,27.710833333333333,8.407222222222222,23.285555555555558,1385-06-13T23:17:08,24.59152603149414,160.4097702586958,9.366589655516416,1385-06-14T00:00:00,24.874916076660156,160.79810610327996,9.236339086331006,1385-06-14T00:13:49,24.968965530395508,160.92693290798957,9.194644835939908
1385-06-14T12:00:00,2227094,20.3075,27.71527777777778,9.492222222222221,23.7,1385-06-14T23:42:00,33.70570755004883,172.39346061584638,5.451115709539874,1385-06-15T00:00:00,33.83354187011719,172.55079352035696,5.393650156215272,1385-06-15T00:09:53,33.90482711791992,172.6385885756968,5.3621816715251205
1385-06-15T12:00:00,2227095,20.309444444444445,27.720555555555556,10.61111111111111,24.08361111111111,1385-06-16T00:05:01,43.6966667175293,-175.55804574629926,1.1800723756749762,1385-06-16T00:00:00,43.660091400146484,-175.60071932148463,1.1961655323497875,1385-06-16T00:05:57,43.70355987548828,-175.5500025621048,1.1770486625731296
1385-06-16T12:00:00,2227096,20.310555555555556,27.726944444444445,11.762777777777778,24.45638888888889,1385-06-17T00:27:23,54.242767333984375,-163.24538179180843,-3.296443300891351,1385-06-17T00:00:00,54.046051025390625,-163.47515517062425,-3.2115558832875375,1385-06-17T00:02:01,54.06038284301758,-163.45844286983518,-3.2178437766042878
1385-06-17T12:00:00,2227097,20.310833333333335,27.733888888888888,12.953333333333333,24.83972222222222,1385-06-18T00:50:23,64.93961334228516,-150.44536182022182,-7.79646387806272,1385-06-18T00:00:00,64.5989761352539,-150.86802489632964,-7.652967277254043,1385-06-17T23:58:05,64.58646392822266,-150.88348983152443,-7.647490161756456
1385-06-18T12:00:00,2227098,20.310277777777777,27.741666666666667,14.190277777777778,25.258055555555554,1385-06-19T01:15:29,75.27771759033203,-136.93245980394263,-12.088270131212795,1385-06-19T00:00:00,74.82299041748047,-137.57366131631068,-11.903729333679388,1385-06-18T23:54:09,74.78933715820312,-137.62078227791025,-11.889073720326762
1385-06-19T12:00:00,2227099,20.30888888888889,27.75027777777778,15.476666666666667,25.741944444444446,1385-06-20T01:44:31,84.6365966796875,-122.51866968874864,-15.877547869184687,1385-06-20T00:00:00,84.11587524414062,-123.42532115662134,-15.681234249654432,1385-06-19T23:50:13,84.0697250366211,-123.50471299015197,-15.661463771401916
1385-06-20T12:00:00,2227100,20.30666666666667,27.759444444444444,16.79888888888889,26.33,1385-06-21T02:19:48,92.31312561035156,-107.12039523982938,-18.813770586711247,1385-06-21T00:00:00,91.80104064941406,-108.35949764542924,-18.653353508241704,1385-06-20T23:46:17,91.75343322753906,-108.47234768577783,-18.633910502284298
1385-06-21T12:00:00,2227101,20.303611111111113,27.769444444444446,18.115000000000002,27.067222222222224,1385-06-22T03:04:02,97.59931182861328,-90.84064043534495,-20.53456010565732,1385-06-22T00:00:00,97.208740234375,-92.49089817436949,-20.483260124890275,1385-06-21T23:42:21,97.17237091064453,-92.63804751554243,-20.470606587714343
1385-06-22T12:00:00,2227102,20.299444444444447,27.780277777777776,19.352777777777778,27.990833333333335,1385-06-23T03:59:27,99.90802764892578,-74.01786053636259,-20.75572173941252,1385-06-23T00:00:00,99.80036163330078,-76.14852695637056,-20.913538166964997,1385-06-22T23:38:26,99.7886734008789,-76.32956161622891,-20.914378280850194
1385-06-23T12:00:00,2227103,20.294722222222223,27.791666666666668,20.435277777777777,29.10388888888889,1385-06-24T05:06:14,98.92011260986328,-57.168974096778804,-19.3799114559134,1385-06-24T00:00:00,99.29773712158203,-59.81097774806543,-19.85745204913294,1385-06-23T23:34:30,99.32388305664062,-60.02443222582962,-19.877643436562064
1385-06-24T12:00:00,2227104,20.28888888888889,27.80388888888889,21.323055555555555,30.356944444444444,1385-06-25T06:21:25,94.69646453857422,-40.81511862212266,-16.556749001749747,1385-06-25T00:00:00,95.75936889648438,-43.946579141352785,-17.438321240972503,1385-06-24T23:30:34,95.83505249023438,-44.190802061875814,-17.481940530774402
1385-06-25T12:00:00,2227105,20.2825,27.816944444444445,22.028055555555554,31.671388888888888,1385-06-26T07:40:17,87.68296813964844,-25.29302865564045,-12.637124927595028,1385-06-26T00:00:00,89.56318664550781,-28.86099479297255,-13.946051670596379,1385-06-25T23:26:38,89.69731903076172,-29.135623002746144,-14.014953042437531
1385-06-26T12:00:00,2227106,20.275277777777777,27.830555555555556,22.591944444444444,32.980000000000004,1385-06-27T08:58:48,78.58538055419922,-10.6865280582212,-8.050278029077715,1385-06-27T00:00:00,81.3053970336914,-14.646561009315578,-9.743761569355996,1385-06-26T23:22:42,81.50296783447266,-14.95334720378745,-9.837617522769342
1385-06-27T12:00:00,2227107,20.266944444444444,27.844722222222224,23.059166666666666,34.24861111111111,1385-06-28T10:14:55,68.18804931640625,3.116322060149393,-3.1930839513343643,1385-06-28T00:00:00,71.66700744628906,-1.2267999168210522,-5.183272089246037,1385-06-27T23:18:46,71.92825317382812,-1.5695983857509008,-5.299768596549193
1385-06-28T12:00:00,2227108,20.258055555555554,27.859722222222224,23.466944444444444,35.467777777777776,1385-06-29T11:28:04,57.215003967285156,16.324246843440104,1.6170083564244553,1385-06-29T00:00:00,61.30223846435547,11.567708977549774,-0.5605372361935618,1385-06-28T23:14:50,61.6225471496582,11.183136788000489,-0.6956045424607284
1385-06-29T12:00:00,2227109,20.248055555555556,27.875,23.843888888888888,36.6425,1385-06-30T12:38:33,46.26670837402344,29.16842607396648,6.140779178525351,1385-06-30T00:00:00,50.77538299560547,23.93711123957644,3.8926169959511396,1385-06-29T23:10:54,51.145233154296875,23.503912705482247,3.7448332532005897
1385-06-30T12:00:00,2227110,20.2375,27.89138888888889,24.21361111111111,37.78138888888889,1385-07-01T13:46:53,35.81651306152344,41.85905018602532,10.195715096787875,1385-07-01T00:00:00,40.543251037597656,36.07365675467756,7.99737609730425,1385-06-30T23:06:58,40.94856643676758,35.58457481688523,7.844532643226778
1385-07-01T12:00:00,2227111,20.22611111111111,27.908055555555556,24.596944444444446,38.88944444444444,1385-07-02T14:53:22,26.236286163330078,54.55959290798966,13.635004649098175,1385-07-02T00:00:00,30.96589469909668,48.139867433680415,11.611871219047707,1385-07-01T23:03:03,31.388450622558594,47.58830477701077,11.463446805584624
1385-07-02T12:00:00,2227112,20.21388888888889,27.92527777777778,25.014166666666668,39.965,1385-07-03T15:57:54,17.825124740600586,67.37154058908192,16.335109770934615,1385-07-03T00:00:00,22.32831573486328,60.25524223126174,14.618307016113492,1385-07-02T22:59:07,22.746484756469727,59.63627094617926,14.485334538355822
1385-07-03T12:00:00,2227113,20.200833333333332,27.943055555555556,25.486666666666668,40.99638888888889,1385-07-04T16:59:47,10.831351280212402,80.32311125422956,18.19406909922228,1385-07-04T00:00:00,14.861531257629395,72.48733221925369,16.916654854615356,1385-07-03T22:55:11,15.25092887878418,71.79934977987263,16.811229334181434
1385-07-04T12:00:00,2227114,20.186944444444446,27.961666666666666,26.035555555555554,41.965,1385-07-05T17:57:54,5.460203170776367,93.37085716092136,19.138924816077182,1385-07-05T00:00:00,8.757416725158691,84.84756634580182,18.42533186602195,1385-07-04T22:51:15,9.092145919799805,84.09343597292467,18.359561780959766
1385-07-05T12:00:00,2227115,20.1725,27.980555555555554,26.680833333333332,42.84777777777778,1385-07-06T18:50:52,1.8717823028564453,106.41576733661527,19.136632084823706,1385-07-06T00:00:00,4.175937652587891,97.29506390447101,19.087162169448003,1385-07-05T22:47:19,4.430200099945068,96.48258867678244,19.071745080669793
1385-07-06T12:00:00,2227116,20.15722222222222,28,27.434444444444445,43.6275,1385-07-07T19:37:39,0.17296285927295685,119.33898448541362,18.20150691706881,1385-07-07T00:00:00,1.2457960844039917,109.75129813854979,18.877207256879654,1385-07-07T10:41:25,0.47723644971847534,115.39330171730136,18.878746952441254
1385-07-07T12:00:00,2227117,20.141111111111112,28.01972222222222,-1,44.29972222222223,1385-07-08T20:17:59,0.41316914558410645,132.04189118020307,16.39376256264625,1385-07-08T00:00:00,0.06075740233063698,122.1245075000134,17.80833869914244,1385-07-08T10:37:29,0.11103039234876633,127.9063015634796,17.406606170951648
1385-07-08T12:00:00,2227118,20.124444444444446,28.04,4.296388888888889,20.299722222222226,1385-07-08T20:17:59,0.41316914558410645,132.041891176371,16.39376256542774,1385-07-09T00:00:00,0.6742672324180603,134.33760780380737,15.931515938752966,1385-07-09T10:33:33,1.6084531545639038,140.2136711956919,15.141897892168718
1385-07-09T12:00:00,2227119,20.106944444444444,28.060833333333335,5.251944444444445,20.872777777777777,1385-07-09T20:52:22,2.585822820663452,144.47535886096458,13.810171493498247,1385-07-10T00:00:00,3.0946390628814697,146.3512480348987,13.330400160734001,1385-07-10T10:29:37,4.945265293121338,152.29030485610969,12.189894051026226
1385-07-10T12:00:00,2227120,20.08888888888889,28.081944444444446,6.2780555555555555,21.363333333333333,1385-07-10T21:21:48,6.632317066192627,156.6519656004883,10.571705728370356,1385-07-11T00:00:00,7.28209114074707,158.17650313202387,10.112664424253422,1385-07-11T10:25:41,10.041105270385742,164.16770311094928,8.677210624630295
1385-07-11T12:00:00,2227121,20.07,28.10361111111111,7.351666666666667,21.79277777777778,1385-07-11T21:47:34,12.445679664611816,168.64507917725177,6.812839709360962,1385-07-12T00:00:00,13.147528648376465,169.87702215716934,6.401614053627545,1385-07-12T10:21:46,16.760740280151367,175.93077629951514,4.742964911049279
1385-07-12T12:00:00,2227122,20.05027777777778,28.125555555555554,8.45611111111111,22.18166666666667,1385-07-12T22:10:54,19.870851516723633,-179.4210234996832,2.676523114832002,1385-07-13T00:00:00,20.551544189453125,-178.4358354570514,2.331233078657373,1385-07-13T10:17:50,24.915056228637695,-172.29136013777457,0.5348915478271279
1385-07-13T12:00:00,2227123,20.030277777777776,28.147777777777776,9.584444444444445,22.55027777777778,1385-07-13T22:33:01,28.701719284057617,-167.3805767091008,-1.6853343558957035,1385-07-14T00:00:00,29.30109405517578,-166.61123188385835,-1.9533992782853375,1385-07-14T10:13:53,34.259517669677734,-160.33621368063766,-3.788901667034844
1385-07-14T12:00:00,2227124,20.009166666666665,28.170555555555556,10.738888888888889,22.918333333333333,1385-07-14T22:55:06,38.67218780517578,-155.03738081189286,-6.104902417306729,1385-07-15T00:00:00,39.141456604003906,-154.46897343219723,-6.290201510435384,1385-07-15T10:09:57,44.48774337768555,-148.02102592029837,-8.053000813257166
1385-07-15T12:00:00,2227125,19.98777777777778,28.193333333333335,11.925833333333333,23.3075,1385-07-15T23:18:27,49.44143295288086,-142.17821231133968,-10.386802222829443,1385-07-16T00:00:00,49.7426872253418,-141.8136801632176,-10.49015358506795,1385-07-16T10:06:01,55.2200927734375,-135.1618716566513,-12.054924674890046
1385-07-16T12:00:00,2227126,19.965555555555554,28.21666666666667,13.151666666666667,23.74388888888889,1385-07-16T23:44:38,60.57476806640625,-128.59617041832314,-14.295136607401561,1385-07-17T00:00:00,60.68143081665039,-128.45987776830327,-14.325405335718612,1385-07-17T10:02:06,65.99214172363281,-121.60355336263028,-15.557974193322373
1385-07-17T12:00:00,2227127,19.942777777777778,28.240277777777777,14.415000000000001,24.26,1385-07-18T00:15:36,71.52607727050781,-114.13306668299869,-17.54595077129757,1385-07-18T00:00:00,71.42768859863281,-114.27357476801436,-17.5256104417281,1385-07-18T09:58:10,76.25071716308594,-107.2660359909064,-18.294863722022278
1385-07-18T12:00:00,2227128,19.919444444444444,28.26388888888889,15.695277777777777,24.8975,1385-07-19T00:53:51,81.63630676269531,-98.7422868119547,-19.818973795547535,1385-07-19T00:00:00,81.34786224365234,-99.23326139524269,-19.79202188130879,1385-07-19T09:54:14,85.37181854248047,-92.19853815151444,-19.993552344547883
1385-07-19T12:00:00,2227129,19.895555555555553,28.288055555555555,16.944444444444446,25.700833333333332,1385-07-20T01:42:03,90.16243743896484,-82.55885585546594,-20.802469163742337,1385-07-20T00:00:00,89.74286651611328,-83.48939283162188,-20.84345472550558,1385-07-20T09:50:18,92.71110534667969,-76.61456040184991,-20.43025507854349
1385-07-20T12:00:00,2227130,19.870833333333334,28.3125,18.092222222222222,26.7,1385-07-21T02:42:00,96.35657501220703,-65.92527666809578,-20.27683879824139,1385-07-21T00:00:00,95.93244171142578,-67.37500358283168,-20.491627394060774,1385-07-21T09:46:22,97.69042205810547,-60.86486694500919,-19.496851839635436
1385-07-21T12:00:00,2227131,19.84583333333333,28.336944444444445,19.077222222222222,27.88138888888889,1385-07-22T03:52:53,99.59960174560547,-49.32131313233209,-18.20968118290143,1385-07-22T00:00:00,99.37580108642578,-51.32610218188277,-18.714135492509953,1385-07-22T09:42:26,99.90225219726562,-45.337070675288025,-17.247900865290283
1385-07-22T12:00:00,2227132,19.82027777777778,28.361666666666665,19.88,29.183888888888887,1385-07-23T05:11:02,99.56328582763672,-33.1988812396202,-14.800518411157814,1385-07-23T00:00:00,99.79037475585938,-35.73831958641825,-15.677962569377495,1385-07-23T09:38:30,99.1952133178711,-30.333824253218623,-13.895514448366429
1385-07-23T12:00:00,2227133,19.79388888888889,28.386666666666667,20.523333333333333,30.528333333333332,1385-07-24T06:31:42,96.31452178955078,-17.82978070669379,-10.428217904139542,1385-07-24T00:00:00,97.21563720703125,-20.850994274296845,-11.694494367335363,1385-07-24T09:34:34,95.7027587890625,-16.001461761472378,-9.753963565098209
1385-07-24T12:00:00,2227134,19.76722222222222,28.41166666666667,21.048333333333336,31.856388888888887,1385-07-25T07:51:23,90.28463745117188,-3.2636041724337246,-5.533630514253114,1385-07-25T00:00:00,91.98978424072266,-6.720864398708527,-7.135948862521073,1385-07-25T09:30:38,89.80122375488281,-2.335182101797918,-5.167819161008969
1385-07-25T12:00:00,2227135,19.740000000000002,28.436944444444443,21.494722222222222,33.138888888888886,1385-07-26T09:08:20,82.12614440917969,10.610545536134566,-0.5197071058446642,1385-07-26T00:00:00,84.65299987792969,6.73274066688221,-2.3598898721459927,1385-07-26T09:26:42,82.01793670654297,10.772835572868548,-0.45644304611975584
1385-07-26T12:00:00,2227136,19.7125,28.4625,21.89611111111111,34.37027777777778,1385-07-27T10:22:13,72.54816436767578,23.980360993551365,4.293409652344637,1385-07-27T00:00:00,75.82491302490234,19.663026524219994,2.3329449209320123,1385-07-27T09:22:46,72.9303207397461,23.478610797387937,4.113137256899185
1385-07-27T12:00:00,2227137,19.684166666666666,28.488055555555555,22.278333333333332,35.554722222222225,1385-07-28T11:33:17,62.2027702331543,37.045690526930365,8.667948897647982,1385-07-28T00:00:00,66.1039810180664,32.24367372249857,6.708849608317895,1385-07-28T09:18:51,63.08755111694336,35.94696353520598,8.329742753029974
1385-07-28T12:00:00,2227138,19.655555555555555,28.51361111111111,22.66361111111111,36.69777777777778,1385-07-29T12:41:52,51.6371955871582,49.98024727183159,12.430033413105221,1385-07-29T00:00:00,56.01081085205078,44.63582546310075,10.592586157682296,1385-07-29T09:14:55,52.96996307373047,48.32454901807255,12.02918928969238
1385-07-29T12:00:00,2227139,19.62666666666667,28.539722222222224,23.07361111111111,37.80083333333333,1385-07-30T13:48:03,41.29377365112305,62.91000807068402,15.449963165412465,1385-07-30T00:00:00,45.972503662109375,56.968795491670306,13.852819690335064,1385-07-30T09:10:59,42.979671478271484,60.72354133090525,15.082720889756771
1385-07-30T12:00:00,2227140,19.59722222222222,28.565555555555555,23.528888888888886,38.856944444444444,1385-07-31T14:51:25,31.533533096313477,75.89976315350319,17.629824667758967,1385-07-31T00:00:00,36.333168029785156,69.32877073515253,16.38960779775613,1385-07-31T09:07:03,33.451446533203125,73.21034366340893,17.388268934063284
1385-07-31T12:00:00,2227141,19.56722222222222,28.59166666666667,24.051111111111112,39.85194444444444,1385-08-01T15:51:07,22.66205596923828,88.95009542850151,18.900530672757238,1385-08-01T00:00:00,27.37515640258789,81.75320629041003,18.1275052741181,1385-08-01T09:03:07,24.670793533325195,85.80016926548898,18.867438419140495
1385-08-01T12:00:00,2227142,19.536944444444448,28.61777777777778,24.661944444444444,40.76638888888889,1385-08-02T16:45:59,14.9486083984375,102.00555278938373,19.22549405394382,1385-08-02T00:00:00,19.340656280517578,94.23178208288383,19.01463478220825,1385-08-02T08:59:11,16.891067504882812,98.45949042884011,19.46788645356037
1385-08-02T12:00:00,2227143,19.50611111111111,28.644166666666667,25.377222222222223,41.582499999999996,1385-08-03T17:34:57,8.633423805236816,114.97822973096449,18.60633218489602,1385-08-03T00:00:00,12.447722434997559,106.71579351025986,19.025919004856842,1385-08-03T08:55:15,10.344847679138184,111.11840297516036,19.16879984015527
1385-08-03T12:00:00,2227144,19.474999999999998,28.670555555555556,26.203055555555554,42.29222222222222,1385-08-04T18:17:32,3.926640033721924,127.78073770697151,17.08507607630354,1385-08-04T00:00:00,6.89847993850708,119.13600612431252,18.167471437974335,1385-08-04T08:51:19,5.247069358825684,123.69271881736756,17.986074531933664
1385-08-04T12:00:00,2227145,19.44361111111111,28.696944444444444,27.13138888888889,42.89944444444444,1385-08-05T18:53:58,1.0041625499725342,140.35527008492778,14.741079354033333,1385-08-05T00:00:00,2.879293918609619,131.42540447015486,16.47916517536017,1385-08-05T08:47:23,1.7906395196914673,136.10929429184412,15.974077793130752
1385-08-05T12:00:00,2227146,19.411944444444444,28.723333333333333,28.141944444444444,43.41888888888889,1385-08-06T19:25:08,0.0011348443804308772,152.69182761349902,11.683991183273568,1385-08-06T00:00:00,0.5540330410003662,143.54066810266104,14.03369217012842,1385-08-06T08:43:27,0.13560953736305237,148.32776217794134,13.222865514003658
1385-08-06T12:00:00,2227147,19.379722222222224,28.75,4.141944444444444,19.41888888888889,1385-08-06T19:25:08,0.0011348443804308772,152.69182761349933,11.68399118327318,1385-08-07T00:00:00,0.05263467878103256,155.476881181434,10.932325148602887,1385-08-07T08:39:31,0.3950297236442566,160.35292794979108,9.851856481764182
1385-08-07T12:00:00,2227148,19.34722222222222,28.776666666666667,5.210833333333333,19.869722222222222,1385-08-07T19:52:11,1.0033665895462036,164.83185883018328,8.046410525384047,1385-08-08T00:00:00,1.4578156471252441,167.27341222379695,7.2990617743986625,1385-08-08T08:35:36,2.6209418773651123,172.2371513833053,6.002319814008935
1385-08-08T12:00:00,2227149,19.31416666666667,28.803055555555556,6.316666666666666,20.272777777777776,1385-08-08T20:16:22,4.0367655754089355,176.86486931664882,3.977752890680374,1385-08-09T00:00:00,4.792760848999023,179.01240607181552,3.27528035054956,1385-08-09T08:31:40,6.793543815612793,-175.92490033660226,1.8312072787612408
1385-08-09T12:00:00,2227150,19.28111111111111,28.829722222222223,7.446944444444445,20.647777777777776,1385-08-09T20:38:52,9.057580947875977,-171.0800251958308,-0.35868113704508164,1385-08-10T00:00:00,10.011773109436035,-169.18726881538265,-0.9833684225623239,1385-08-10T08:27:44,12.815378189086914,-164.0048516974135,-2.492342874216006
1385-08-10T12:00:00,2227151,19.247777777777777,28.856388888888887,8.597222222222223,21.01361111111111,1385-08-10T21:00:49,15.945230484008789,-158.84335985142022,-4.785443613726988,1385-08-11T00:00:00,16.99432373046875,-157.1787197918157,-5.306913855984321,1385-08-11T08:23:48,20.509906768798828,-151.85217897803747,-6.7869320374998
1385-08-11T12:00:00,2227152,19.21388888888889,28.883333333333333,9.770000000000001,21.390833333333333,1385-08-11T21:23:27,24.497974395751953,-146.24623141764306,-9.107376363512369,1385-08-12T00:00:00,25.5411319732666,-144.7988051708183,-9.5079514166921,1385-08-12T08:19:52,29.62236785888672,-139.30888806962975,-10.85623715844304
1385-08-12T12:00:00,2227153,19.179722222222225,28.91,10.969166666666666,21.80138888888889,1385-08-12T21:48:05,34.42804718017578,-133.1083278685581,-13.105612126254504,1385-08-13T00:00:00,35.370094299316406,-131.88598708708008,-13.376995543143071,1385-08-13T08:15:56,39.82020568847656,-126.23086551189337,-14.486010565508906
1385-08-13T12:00:00,2227154,19.145555555555553,28.936666666666667,12.195,22.273888888888887,1385-08-13T22:16:26,45.35661697387695,-119.27417428889876,-16.533597212492705,1385-08-14T00:00:00,46.110469818115234,-118.30864656462612,-16.680168157356345,1385-08-14T08:12:00,50.69180679321289,-112.51901039245918,-17.445341331683423
1385-08-14T12:00:00,2227155,19.110833333333336,28.963333333333335,13.436111111111112,22.842777777777776,1385-08-14T22:50:34,56.80485534667969,-104.65655451997003,-19.120522452059397,1385-08-15T00:00:00,57.29625701904297,-104.00618206011723,-19.16545653518455,1385-08-15T08:08:04,61.745643615722656,-98.15829744961833,-19.49880569968919
1385-08-15T12:00:00,2227156,19.07611111111111,28.990000000000002,14.660833333333334,23.549166666666668,1385-08-15T23:32:57,68.18856811523438,-89.28646650658607,-20.592996189662188,1385-08-16T00:00:00,68.36566162109375,-89.0337858320771,-20.58725184827351,1385-08-16T08:04:08,72.41563415527344,-83.25209610451964,-20.435250194860004
1385-08-16T12:00:00,2227157,19.041111111111114,29.016666666666666,15.815555555555557,24.43,1385-08-17T00:25:48,78.82250213623047,-73.35072539260233,-20.72151630849141,1385-08-17T00:00:00,78.67560577392578,-73.58783749553709,-20.750220097741217,1385-08-17T08:00:12,82.08382415771484,-68.02470280024208,-20.111859933556445
1385-08-17T12:00:00,2227158,19.00583333333333,29.04361111111111,16.842499999999998,25.497777777777777,1385-08-18T01:29:52,87.95355987548828,-57.177645535422975,-19.38824127433202,1385-08-18T00:00:00,87.5459976196289,-57.97753976411989,-19.56536979015681,1385-08-18T07:56:16,90.12739562988281,-52.77401229742727,-18.498530137529944
1385-08-18T12:00:00,2227159,18.970277777777778,29.070277777777775,17.70638888888889,26.72222222222222,1385-08-19T02:43:20,94.84510803222656,-41.15070435023036,-16.649002396917595,1385-08-19T00:00:00,94.33712005615234,-42.5398022284127,-17.089591454719542,1385-08-19T07:52:20,95.99205017089844,-37.78548982676673,-15.699914335822193
1385-08-19T12:00:00,2227160,18.934444444444445,29.096944444444446,18.41111111111111,28.038333333333334,1385-08-20T04:02:18,98.91505432128906,-25.582722373416708,-12.7467268195661,1385-08-20T00:00:00,98.5501708984375,-27.53811769906664,-13.525934080489431,1385-08-20T07:48:24,99.27705383300781,-23.253831440849602,-11.941221523182605
1385-08-20T12:00:00,2227161,18.898333333333333,29.12361111111111,18.98638888888889,29.38,1385-08-21T05:22:48,99.87350463867188,-10.628112426023437,-8.055585807389514,1385-08-21T00:00:00,99.91871643066406,-13.10397592787549,-9.182044071952852,1385-08-21T07:44:28,99.80410766601562,-9.251288680422652,-7.5248304972078515
1385-08-21T12:00:00,2227162,18.862222222222222,29.150277777777777,19.470277777777778,30.7025,1385-08-22T06:42:09,97.7791976928711,3.71841807868591,-2.9912120517515066,1385-08-22T00:00:00,98.45320892333984,0.7603529405736039,-4.409063006958908,1385-08-22T07:40:32,97.6418685913086,4.256101964697856,-2.77825812686053
1385-08-22T12:00:00,2227163,18.82611111111111,29.176944444444445,19.896666666666665,31.985,1385-08-23T07:59:06,92.98880004882812,17.56689942699692,2.063065764128203,1385-08-23T00:00:00,94.41838836669922,14.141046534153244,0.4532617098881862,1385-08-23T07:36:37,93.0752182006836,17.369083387597357,1.9883833228660852
1385-08-23T12:00:00,2227164,18.789444444444445,29.203611111111112,20.29361111111111,33.2225,1385-08-24T09:13:21,86.03893280029297,31.069655248764505,6.793050517629404,1385-08-24T00:00:00,88.25559997558594,27.165422519389942,5.11122328479876,1385-08-24T07:32:41,86.53376007080078,30.215004180396043,6.507450237944154
1385-08-24T12:00:00,2227165,18.752777777777776,29.230555555555554,20.684722222222224,34.41583333333333,1385-08-25T10:24:57,77.52308654785156,44.374427310374266,10.959970362916383,1385-08-25T00:00:00,80.48530578613281,39.96472579029361,9.330626670342838,1385-08-25T07:28:45,78.50833892822266,42.9178105180731,10.562881357813332
1385-08-25T12:00:00,2227166,18.71611111111111,29.25722222222222,21.091388888888886,35.56472222222222,1385-08-26T11:33:53,68.00448608398438,57.59576842398363,14.391293252630657,1385-08-26T00:00:00,71.62460327148438,52.649722349617115,12.935429702354194,1385-08-26T07:24:49,69.48323059082031,55.57722721292589,13.98828113908542
1385-08-26T12:00:00,2227167,18.679166666666667,29.28388888888889,21.534722222222225,36.66277777777778,1385-08-27T12:39:46,57.9760856628418,70.79834107332897,16.96819918271612,1385-08-27T00:00:00,62.13762664794922,65.2965133245988,15.799465904872406,1385-08-27T07:20:53,59.89623260498047,68.25624702467775,16.660613243838416
1385-08-27T12:00:00,2227168,18.641944444444444,29.310555555555556,22.03611111111111,37.6975,1385-08-28T13:41:51,47.85488510131836,83.99322373010244,18.616100481545228,1385-08-28T00:00:00,52.4185791015625,77.9403184039986,17.837396711852865,1385-08-28T07:16:57,50.12615203857422,80.97553201078975,18.494000309747722
1385-08-28T12:00:00,2227169,18.605,29.337222222222223,22.616944444444446,38.65111111111111,1385-08-29T14:39:04,37.99625778198242,97.1442892672163,19.299616238607978,1385-08-29T00:00:00,42.79769515991211,90.57672112106161,18.998131272878396,1385-08-29T07:13:01,40.49931335449219,93.71545099787626,19.43596184885562
1385-08-29T12:00:00,2227170,18.5675,29.364166666666666,23.295555555555556,39.50666666666667,1385-08-30T15:30:24,28.71214485168457,110.18772468344167,19.02040369425913,1385-08-30T00:00:00,33.55873489379883,103.17049633666248,19.26131217952572,1385-08-30T07:09:05,31.305391311645508,106.42648335069396,19.46616118276328
1385-08-30T12:00:00,2227171,18.530277777777776,29.390833333333333,24.08222222222222,40.254444444444445,1385-08-31T16:15:16,20.287626266479492,123.05830151833139,17.81472181319167,1385-08-31T00:00:00,24.958995819091797,115.67091289842794,18.635825961254476,1385-08-31T07:05:09,22.815032958984375,119.0463436509954,18.59635295754744
1385-08-31T12:00:00,2227172,18.49277777777778,29.4175,24.975555555555555,40.89638888888889,1385-09-01T16:53:47,12.993377685546875,135.71420819852557,15.749509442410636,1385-09-01T00:00:00,17.24616813659668,128.030190193434,17.158871100094686,1385-09-01T07:01:13,15.293267250061035,131.52046107058024,16.870033995600558
1385-09-01T12:00:00,2227173,18.455,29.444444444444443,25.960555555555555,41.444722222222225,1385-09-02T17:26:41,7.0933709144592285,148.15197984413552,12.918059740680238,1385-09-02T00:00:00,10.668360710144043,140.22044946853433,14.894652248843043,1385-09-02T06:57:17,9.00573444366455,143.81932184709058,14.36100686682606
1385-09-02T12:00:00,2227174,18.4175,29.47111111111111,27.016111111111112,41.91861111111111,1385-09-03T17:55:07,2.8438100814819336,160.41147826314597,9.436787323624518,1385-09-03T00:00:00,5.47528076171875,152.24530050182472,11.932635485255382,1385-09-03T06:53:21,4.2151198387146,155.9493578419624,11.171090122560747
1385-09-03T12:00:00,2227175,18.379722222222224,29.498055555555556,28.120555555555555,42.33833333333333,1385-09-04T18:20:18,0.48150312900543213,172.57215416369948,5.444345446932553,1385-09-04T00:00:00,1.9097411632537842,164.1446347493048,8.38585419271445,1385-09-04T06:49:25,1.1675832271575928,167.95602957110023,7.427657078606803
1385-09-04T12:00:00,2227176,18.341944444444444,29.524722222222223,29.258333333333333,42.72388888888889,1385-09-05T18:43:26,0.20114542543888092,-175.2528492546313,1.1018235978440993,1385-09-05T00:00:00,0.19022418558597565,175.9935413624858,4.389754007513146,1385-09-05T06:45:29,0.07076989859342575,179.92065034272335,3.2815554437204346
1385-09-05T12:00:00,2227177,18.30388888888889,29.551666666666666,5.258333333333334,18.723888888888887,1385-09-05T18:43:26,0.20114542543888092,-175.25284924967838,1.1018235936374314,1385-09-06T00:00:00,0.4871657192707062,-172.1028125570677,0.10171271654946938,1385-09-06T06:41:33,1.067489504814148,-168.04686678934817,-1.0945039611511242
1385-09-06T12:00:00,2227178,18.266111111111112,29.578333333333333,6.420833333333333,19.094444444444445,1385-09-06T19:05:40,2.1274890899658203,-162.9250998751158,-3.4062570270577255,1385-09-07T00:00:00,2.8974781036376953,-160.01714275120753,-4.299015468070921,1385-09-07T06:37:38,4.210915565490723,-155.81808225321842,-5.5074398878952415
1385-09-07T12:00:00,2227179,18.228055555555553,29.60527777777778,7.606388888888889,19.46944444444444,1385-09-07T19:28:10,6.288952350616455,-150.2914847585158,-7.871218088440643,1385-09-08T00:00:00,7.422658920288086,-147.61122009643316,-8.611516433239395,1385-09-08T06:33:42,9.44698715209961,-143.25992040797698,-9.745678221138537
1385-09-08T12:00:00,2227180,18.19,29.63222222222222,8.815277777777778,19.869722222222222,1385-09-08T19:52:11,12.598870277404785,-137.20007245950075,-12.06042470541244,1385-09-09T00:00:00,13.954837799072266,-134.75222786045808,-12.614680779574075,1385-09-09T06:29:46,16.607908248901367,-130.2531117240176,-13.583001683655862
1385-09-09T12:00:00,2227181,18.151944444444442,29.659166666666668,10.045833333333333,20.320555555555554,1385-09-09T20:19:14,20.84830665588379,-123.52314514507239,-15.721087467107163,1385-09-10T00:00:00,22.272523880004883,-121.33673886904272,-16.07197872875943,1385-09-10T06:25:50,25.416337966918945,-116.71798463037325,-16.786012138627502
1385-09-10T12:00:00,2227182,18.11388888888889,29.68611111111111,11.286666666666667,20.852222222222224,1385-09-10T20:51:08,30.708595275878906,-109.19098040439732,-18.589781204556928,1385-09-11T00:00:00,32.04465103149414,-107.32222591076867,-18.742888216004808,1385-09-11T06:21:54,35.496788024902344,-102.64464599860904,-19.12847892738366
1385-09-11T12:00:00,2227183,18.075833333333332,29.713055555555556,12.510277777777778,21.50138888888889,1385-09-11T21:30:05,41.74062728881836,-94.22815753124566,-20.413129799640934,1385-09-12T00:00:00,42.840065002441406,-92.75868401842345,-20.404586085548694,1385-09-12T06:17:58,46.39101028442383,-88.11628215357581,-20.414971475058813
1385-09-12T12:00:00,2227184,18.03777777777778,29.740000000000002,13.671111111111111,22.303611111111113,1385-09-12T22:18:13,53.40365219116211,-78.77897433716299,-20.981651048280693,1385-09-13T00:00:00,54.140533447265625,-77.80283716687796,-20.88439854944124,1385-09-13T06:14:02,57.573978424072266,-73.31008743315158,-20.511377723652835
1385-09-13T12:00:00,2227185,17.999722222222225,29.766944444444444,14.716666666666667,23.278333333333332,1385-09-13T23:16:42,65.06400299072266,-63.096148855348446,-20.174357858597496,1385-09-14T00:00:00,65.35855865478516,-62.69538685419988,-20.095753139326035,1385-09-14T06:10:06,68.47314453125,-58.461590409704456,-19.37390394017601
1385-09-14T12:00:00,2227186,17.961666666666666,29.793888888888887,15.609722222222222,24.413333333333334,1385-09-15T00:24:48,76.01493835449219,-47.47991663136932,-18.000539864274366,1385-09-15T00:00:00,75.86539459228516,-47.69894491579702,-18.064084184330905,1385-09-15T06:06:10,78.49547576904297,-43.801325839037986,-17.064105416923205
1385-09-15T12:00:00,2227187,17.92388888888889,29.82111111111111,16.34611111111111,25.661666666666665,1385-09-16T01:39:42,85.52703094482422,-32.18914592796034,-14.61716738069404,1385-09-16T00:00:00,85.03462982177734,-33.02463814023068,-14.929306089539704,1385-09-16T06:02:14,87.06745147705078,-29.49391191414877,-13.742786339041249
1385-09-16T12:00:00,2227188,17.885833333333334,29.848333333333333,16.949444444444445,26.96527777777778,1385-09-17T02:57:55,92.94024658203125,-17.36832355760886,-10.305285178622574,1385-09-17T00:00:00,92.30278778076172,-18.78499078681088,-10.924478453777267,1385-09-17T05:58:18,93.6883316040039,-15.60801541896372,-9.646197568461405
1385-09-17T12:00:00,2227189,17.847777777777775,29.87527777777778,17.453888888888887,28.2775,1385-09-18T04:16:39,97.7674789428711,-3.0322877644012505,-5.416816228581363,1385-09-18T00:00:00,97.23812103271484,-4.989282988263009,-6.340791778404085,1385-09-18T05:54:22,97.98819732666016,-2.1226038923158765,-5.054587616129168
1385-09-18T12:00:00,2227190,17.810000000000002,29.9025,17.893055555555556,29.57111111111111,1385-09-19T05:34:16,99.7683334350586,10.900033709367943,-0.31886171448381107,1385-09-19T00:00:00,99.59855651855469,8.42967156282053,-1.4908946950904907,1385-09-19T05:50:26,99.77449035644531,11.044714748586795,-0.26200483956900233
1385-09-19T12:00:00,2227191,17.772222222222222,29.93,18.295555555555556,30.834444444444443,1385-09-20T06:50:04,98.96573638916016,24.55517277327139,4.646898482546948,1385-09-20T00:00:00,99.35768127441406,21.578243878631746,3.321854932804477,1385-09-20T05:46:30,99.05017852783203,24.00413480577179,4.448284712864465
1385-09-20T12:00:00,2227192,17.734444444444446,29.95722222222222,18.685277777777777,32.06388888888889,1385-09-21T08:03:50,95.60529327392578,38.06081726180411,9.187499781811917,1385-09-21T00:00:00,96.68819427490234,34.568229932432445,7.825579034012199,1385-09-21T05:42:34,95.99575805664062,36.864459335335205,8.821674853005387
1385-09-21T12:00:00,2227193,17.696666666666665,29.984722222222224,19.084166666666665,33.255833333333335,1385-09-22T09:15:21,90.08008575439453,51.51352855381541,13.068964168986707,1385-09-22T00:00:00,91.90980529785156,47.491583565188286,11.793480047106872,1385-09-22T05:38:38,90.92193603515625,49.71110622918185,12.64371346781758
1385-09-22T12:00:00,2227194,17.659166666666664,30.01222222222222,19.512777777777778,34.40222222222222,1385-09-23T10:24:08,82.85038757324219,64.9598991132627,16.119264896200967,1385-09-23T00:00:00,85.42167663574219,60.40420056541877,15.050156671998062,1385-09-23T05:34:42,84.20999145507812,62.591664913193625,15.746209166588446
1385-09-23T12:00:00,2227195,17.621666666666666,30.039722222222224,19.992222222222225,35.48861111111111,1385-09-24T11:29:19,74.38043975830078,78.39106550492674,18.227109381366628,1385-09-24T00:00:00,77.64117431640625,73.31888453772184,17.472604268854806,1385-09-24T05:30:47,76.25809478759766,75.50987732919913,18.009320955639314
1385-09-24T12:00:00,2227196,17.584166666666665,30.06722222222222,20.54388888888889,36.49472222222222,1385-09-25T12:29:41,65.10157012939453,91.75089834265697,19.33854203278317,1385-09-25T00:00:00,68.96231842041016,86.20818742125759,18.98777883406059,1385-09-25T05:26:51,67.44539642333984,88.42877892317182,19.360688509092935
1385-09-25T12:00:00,2227197,17.546944444444446,30.095,21.186944444444446,37.40083333333333,1385-09-26T13:24:03,55.39688491821289,104.96007391985367,19.45067333771288,1385-09-26T00:00:00,59.737144470214844,99.01696893503097,19.567896504334005,1385-09-26T05:22:55,58.11560821533203,101.28488112100763,19.772489779688758
1385-09-26T12:00:00,2227198,17.509722222222223,30.122777777777777,21.934444444444445,38.19416666666667,1385-09-27T14:11:39,45.602989196777344,117.94580408195525,18.602132423377363,1385-09-27T00:00:00,50.27574157714844,111.68187628115835,19.22403140629686,1385-09-27T05:18:59,48.578086853027344,114.00827839390264,19.25618474180537
1385-09-27T12:00:00,2227199,17.472777777777775,30.150555555555556,22.788333333333334,38.87416666666667,1385-09-28T14:52:27,36.02259063720703,130.66805683488664,16.861560537675235,1385-09-28T00:00:00,40.858314514160156,124.15225682185334,17.998647945597394,1385-09-28T05:15:03,39.11948013305664,126.54447173600606,17.855857337109587
1385-09-28T12:00:00,2227200,17.435833333333335,30.17861111111111,23.738333333333333,39.4525,1385-09-29T15:27:09,26.94463348388672,143.13322308712756,14.317467671893024,1385-09-29T00:00:00,31.75273323059082,136.40665373403496,15.958300816493155,1385-09-29T05:11:07,30.020221710205078,138.87102806172987,15.641369998734573
1385-09-29T12:00:00,2227201,17.399166666666666,30.206666666666667,24.766111111111112,39.948055555555555,1385-09-30T15:56:53,18.666160583496094,155.39461239717826,11.07300812423778,1385-09-30T00:00:00,23.23212242126465,148.46152330563248,13.188149705109339,1385-09-30T05:07:11,21.57044792175293,151.00579932413294,12.70319687478667
1385-09-30T12:00:00,2227202,17.3625,30.234722222222224,25.851944444444445,40.382222222222225,1385-10-01T16:22:56,11.507084846496582,167.5461831179757,7.2464424629398145,1385-10-01T00:00:00,15.587989807128906,160.3723173287274,9.78965550286758,1385-10-01T05:03:15,14.080400466918945,163.00707592756436,9.150399980841513
1385-10-01T12:00:00,2227203,17.32611111111111,30.263055555555557,26.98027777777778,40.77583333333333,1385-10-02T16:46:33,5.811400890350342,179.71384115065817,2.9763113396595475,1385-10-02T00:00:00,9.134720802307129,172.22928447810463,5.881931397405086,1385-10-02T04:59:19,7.880882263183594,174.9682650592615,5.112146088352362
1385-10-02T12:00:00,2227204,17.290000000000003,30.29138888888889,28.142777777777777,41.14888888888889,1385-10-03T17:08:56,1.9304133653640747,-167.95348263096938,-1.570993525486777,1385-10-03T00:00:00,4.20166015625,-175.84959083740034,1.6061247502316258,1385-10-03T04:55:23,3.3099842071533203,-172.9904366008174,0.7419023443989331
1385-10-03T12:00:00,2227205,17.253888888888888,30.31972222222222,29.337222222222223,41.52111111111111,1385-10-04T17:31:16,0.18803094327449799,-155.29489747852458,-6.19373151672497,1385-10-04T00:00:00,1.110559105873108,-163.72757802255944,-2.868788856388764,1385-10-04T04:51:27,0.6847331523895264,-160.73258512327882,-3.7776377885917647
1385-10-04T12:00:00,2227206,17.218055555555555,30.348333333333333,5.337222222222222,17.52111111111111,1385-10-04T17:31:16,0.18802829086780548,-155.29488052284484,-6.193762912134117,1385-10-05T00:00:00,0.13934190571308136,-151.26119830778694,-7.341240817417821,1385-10-05T04:47:32,0.26052361726760864,-148.11942394831473,-8.231676478796489
1385-10-05T12:00:00,2227207,17.182222222222222,30.376666666666665,6.563611111111111,17.912777777777777,1385-10-05T17:54:46,0.8326811790466309,-142.15403829759003,-10.6508007689833,1385-10-06T00:00:00,1.4780910015106201,-138.31793440128575,-11.576472436178475,1385-10-06T04:43:36,2.186588764190674,-135.03028499187596,-12.375594954282493
1385-10-06T12:00:00,2227208,17.146944444444443,30.405555555555555,7.819722222222222,18.348333333333333,1385-10-06T18:20:54,3.9869415760040283,-128.40363696409108,-14.665602595493652,1385-10-07T00:00:00,5.187725067138672,-124.80236878026057,-15.31376341510117,1385-10-07T04:39:40,6.469554424285889,-121.39000636743768,-15.94621796137858
1385-10-07T12:00:00,2227209,17.111666666666668,30.434166666666666,9.094444444444445,18.85666666666667,1385-10-07T18:51:24,9.609498977661133,-113.98232574467382,-17.941624520618852,1385-10-08T00:00:00,11.173189163208008,-110.68979276887926,-18.28500585724201,1385-10-08T04:35:44,12.956355094909668,-107.20174916712699,-18.684096308602967
1385-10-08T12:00:00,2227210,17.076666666666668,30.463055555555556,10.359722222222222,19.472499999999997,1385-10-08T19:28:21,17.480920791625977,-98.93378983103851,-20.193153321528925,1385-10-09T00:00:00,19.179122924804688,-96.0573332464296,-20.24601546876691,1385-10-09T04:31:48,21.341379165649414,-92.57142722250357,-20.36671727344312
1385-10-09T12:00:00,2227211,17.041944444444447,30.491944444444442,11.567499999999999,20.231388888888887,1385-10-09T20:13:53,27.21480369567871,-83.42981652755678,-21.18917736540151,1385-10-10T00:00:00,28.80817985534668,-81.09210241886855,-21.016255718669044,1385-10-10T04:27:52,31.194135665893555,-77.70395812332428,-20.845822605093115
1385-10-10T12:00:00,2227212,17.0075,30.520833333333332,12.660277777777779,21.15583333333333,1385-10-10T21:09:21,38.285003662109375,-67.75061475491543,-20.800877750810752,1385-10-11T00:00:00,39.55500793457031,-66.0570806370336,-20.514600087642876,1385-10-11T04:23:56,41.99773025512695,-62.85843200206299,-20.075709223543434
1385-10-11T12:00:00,2227213,16.973333333333333,30.55,13.595,22.23777777777778,1385-10-11T22:14:16,50.059051513671875,-52.213129537558586,-19.035865676098744,1385-10-12T00:00:00,50.84614562988281,-51.21926825772981,-18.775441143090678,1385-10-12T04:20:00,53.188072204589844,-48.27572906331229,-18.11970569546273
1385-10-12T12:00:00,2227214,16.939444444444444,30.57888888888889,14.362777777777778,23.4375,1385-10-12T23:26:15,61.84040832519531,-37.073436441901514,-16.041159462921385,1385-10-13T00:00:00,62.0788459777832,-36.774877516865445,-15.937806271448274,1385-10-13T04:16:04,64.18830108642578,-34.11482893454573,-15.132741341009512
1385-10-13T12:00:00,2227215,16.905555555555555,30.608055555555556,14.98611111111111,24.69972222222222,1385-10-14T00:41:59,72.92265319824219,-22.45917209069688,-12.070937175076692,1385-10-14T00:00:00,72.65699768066406,-22.8092854651884,-12.215551594046005,1385-10-14T04:12:08,74.43878173828125,-20.426737700275428,-11.330758201531868
1385-10-14T12:00:00,2227216,16.872222222222224,30.6375,15.500555555555556,25.979444444444443,1385-10-15T01:58:46,82.65365600585938,-8.359670319247126,-7.435558569264726,1385-10-15T00:00:00,82.0263671875,-9.301413354466991,-7.863901048952296,1385-10-15T04:08:12,83.42569732666016,-7.167320336553258,-6.961330481743347
1385-10-15T12:00:00,2227217,16.839166666666664,30.666666666666668,15.94138888888889,27.250555555555557,1385-10-16T03:15:02,90.49244689941406,5.334498273755516,-2.4588610866420306,1385-10-16T00:00:00,89.7109603881836,3.8445294511612222,-3.1538035418278243,1385-10-16T04:04:16,90.71199035644531,5.770658065781937,-2.2827253825156486
1385-10-16T12:00:00,2227218,16.80666666666667,30.69611111111111,16.339166666666664,28.502222222222223,1385-10-17T04:30:08,96.05191040039062,18.778425183272695,2.5465156787905685,1385-10-17T00:00:00,95.34870147705078,16.760555160770746,1.6444778416018067,1385-10-17T04:00:20,95.9677734375,18.521896954873522,2.448442125758132
1385-10-17T12:00:00,2227219,16.774166666666666,30.725555555555555,16.71833333333333,29.731666666666666,1385-10-18T05:43:54,99.12301635742188,32.12738678071569,7.291403712955591,1385-10-18T00:00:00,98.71971893310547,29.581297660100926,6.272078554000792,1385-10-18T03:56:24,98.99532318115234,31.21866047202456,6.985573601283977
1385-10-18T12:00:00,2227220,16.742222222222225,30.755,17.100555555555555,30.93722222222222,1385-10-19T06:56:14,99.6768798828125,45.50257905735879,11.518460183387806,1385-10-19T00:00:00,99.75863647460938,42.41763163155974,10.490788408931762,1385-10-19T03:52:28,99.74020385742188,43.96696312322077,11.100189141426497
1385-10-19T12:00:00,2227221,16.710555555555555,30.784444444444446,17.506666666666668,32.111666666666665,1385-10-20T08:06:42,97.84417724609375,58.965946042771535,15.01145805533959,1385-10-20T00:00:00,98.54561614990234,55.33701448417533,14.093029445613904,1385-10-20T03:48:32,98.28347778320312,56.82834171988828,14.59159060770032
1385-10-20T12:00:00,2227222,16.679166666666667,30.814166666666665,17.9575,33.24027777777778,1385-10-21T09:14:25,93.87752532958984,72.50788230608305,17.60674412258546,1385-10-21T00:00:00,95.27762603759766,68.35153664688166,16.912437076246157,1385-10-21T03:44:36,94.81597900390625,69.80865899270543,17.297704015734304
1385-10-21T12:00:00,2227223,16.648333333333333,30.84361111111111,18.47472222222222,34.29972222222222,1385-10-22T10:17:59,88.10603332519531,86.05068859942314,19.20328865537164,1385-10-22T00:00:00,90.22821807861328,81.41703369769587,18.83315911734885,1385-10-22T03:40:41,89.60176849365234,82.85784461830083,19.10500840311516
1385-10-22T12:00:00,2227224,16.61777777777778,30.873333333333335,19.079166666666666,35.26444444444444,1385-10-23T11:15:52,80.89053344726562,99.47511702180711,19.76676693921248,1385-10-23T00:00:00,83.70689392089844,94.4463728847238,19.795048415901025,1385-10-23T03:36:45,82.94087219238281,95.88360470919976,19.954442941315982
1385-10-23T12:00:00,2227225,16.5875,30.903055555555554,19.785555555555558,36.11416666666666,1385-10-24T12:06:51,72.58749389648438,112.66046733471111,19.323471996894828,1385-10-24T00:00:00,76.02711486816406,107.33547029189914,19.792286739639316,1385-10-24T03:32:49,75.13954162597656,108.77840864204451,19.84074452094303
1385-10-24T12:00:00,2227226,16.558055555555555,30.93277777777778,20.599722222222223,36.8425,1385-10-25T12:50:33,63.52599334716797,125.5253133624335,17.944394414249853,1385-10-25T00:00:00,67.4876937866211,119.99427025014668,18.86500149977118,1385-10-25T03:28:53,66.49305725097656,121.45060351696944,18.80450257927438
1385-10-25T12:00:00,2227227,16.52861111111111,30.962222222222223,21.512777777777778,37.45722222222222,1385-10-26T13:27:26,54.0039176940918,138.04961900229574,15.726216701848394,1385-10-26T00:00:00,58.36799240112305,132.37219577183092,17.086308251513522,1385-10-26T03:24:57,57.2815055847168,133.84981403887784,16.919558214915533
1385-10-26T12:00:00,2227228,16.5,30.991944444444442,22.506666666666668,37.977222222222224,1385-10-27T13:58:38,44.3002815246582,150.2782127927558,12.776335405169856,1385-10-27T00:00:00,48.93450164794922,144.47121147029782,14.549126713552598,1385-10-27T03:21:01,47.776466369628906,145.97951988098146,14.28014867631667
1385-10-27T12:00:00,2227229,16.471666666666664,31.02166666666667,23.56138888888889,38.42527777777778,1385-10-28T14:25:31,34.69920349121094,162.31050928668034,9.206604289290164,1385-10-28T00:00:00,39.45523452758789,156.34642087654538,11.356914659730954,1385-10-28T03:17:05,38.2552490234375,157.8970919018418,10.992019600044589
1385-10-28T12:00:00,2227230,16.44388888888889,31.051388888888887,24.66111111111111,38.82416666666667,1385-10-29T14:49:27,25.515422821044922,174.2878565347721,5.135618754577497,1385-10-29T00:00:00,30.217838287353516,168.09877488740293,7.620667379619963,1385-10-29T03:13:09,29.018524169921875,169.7056906361136,7.169945421331776
1385-10-29T12:00:00,2227231,16.416666666666668,31.08111111111111,25.7975,39.194722222222225,1385-10-30T15:11:41,17.114477157592773,-173.61825004673875,0.6980496037988423,1385-10-30T00:00:00,21.546707153320312,179.86485016562358,3.4624846961428717,1385-10-30T03:09:13,20.405717849731445,-178.45619658690677,2.9416425297761157
1385-10-30T12:00:00,2227232,16.389722222222222,31.110555555555557,26.970277777777778,39.55722222222222,1385-10-31T15:33:26,9.919235229492188,-161.2164589251653,-3.94179611631832,1385-10-31T00:00:00,13.813124656677246,-168.19386131035273,-0.9755239673284336,1385-10-31T03:05:17,12.802571296691895,-166.42644830378913,-1.5430718890000434
1385-10-31T12:00:00,2227233,16.363333333333333,31.14,28.183055555555555,39.93222222222222,1385-11-01T15:55:56,4.395766735076904,-148.3100971802142,-8.574974194364344,1385-11-01T00:00:00,7.431384086608887,-155.9030518982395,-5.519434463732428,1385-11-01T03:01:21,6.63287878036499,-154.03257662823347,-6.1008544825791216
1385-11-01T12:00:00,2227234,16.337777777777777,31.169444444444444,29.44,40.34305555555555,1385-11-02T16:20:35,1.0109567642211914,-134.72117048215637,-12.937626520330918,1385-11-02T00:00:00,2.834001064300537,-143.09294594066134,-9.952753629530175,1385-11-02T02:57:25,2.328345537185669,-141.11093683301783,-10.505470187898066
1385-11-02T12:00:00,2227235,16.3125,31.198888888888888,5.44,16.343055555555555,1385-11-02T16:20:35,1.0109503269195557,-134.7211489462361,-12.937661418611142,1385-11-03T00:00:00,0.4229665696620941,-129.62628888782552,-14.012817098107963,1385-11-03T02:53:30,0.2752154767513275,-127.53680889609231,-14.487015051482146
1385-11-03T12:00:00,2227236,16.28805555555556,31.228055555555557,6.7363888888888885,16.819166666666668,1385-11-03T16:49:09,0.16352686285972595,-120.33054510764067,-16.713985534143156,1385-11-04T00:00:00,0.5028243064880371,-115.43991922569272,-17.402444712348977,1385-11-04T02:49:34,0.7462418079376221,-113.26738082070663,-17.747533122115524
1385-11-04T12:00:00,2227237,16.26388888888889,31.25722222222222,8.050833333333333,17.395555555555553,1385-11-04T17:23:44,2.1024999618530273,-105.13517436858807,-19.562310679459703,1385-11-05T00:00:00,3.212479829788208,-100.59215167719086,-19.824002691836796,1385-11-05T02:45:38,3.8369507789611816,-98.38560598528836,-19.999136474402977
1385-11-05T12:00:00,2227238,16.240555555555556,31.28611111111111,9.335833333333333,18.1125,1385-11-05T18:06:45,6.857921123504639,-89.29712940426465,-21.17069643597604,1385-11-06T00:00:00,8.479349136352539,-85.28964891147689,-21.03466292295908,1385-11-06T02:41:42,9.429670333862305,-83.1184275211134,-21.019975495868255
1385-11-06T12:00:00,2227239,16.217777777777776,31.314999999999998,10.5225,19.000555555555554,1385-11-06T19:00:02,14.207892417907715,-73.14734540295241,-21.331035860860887,1385-11-07T00:00:00,16.01443099975586,-69.85851700749264,-20.90532926951991,1385-11-07T02:37:46,17.199935913085938,-67.79634117680737,-20.70836209766514
1385-11-07T12:00:00,2227240,16.195555555555554,31.34361111111111,11.548055555555555,20.060833333333335,1385-11-07T20:03:39,23.69142723083496,-57.105144028344476,-20.00250152806177,1385-11-08T00:00:00,25.35051918029785,-54.65219714196387,-19.453553852907515,1385-11-08T02:33:50,26.662612915039062,-52.75686917560049,-19.10656185127046
1385-11-08T12:00:00,2227241,16.17388888888889,31.371944444444445,12.386666666666667,21.252777777777776,1385-11-08T21:15:10,34.66366958618164,-41.540925071335515,-17.32730205596196,1385-11-09T00:00:00,35.907936096191406,-39.9420817004268,-16.83121937184807,1385-11-09T02:29:54,37.2392692565918,-38.24279649021896,-16.380729857523026
1385-11-09T12:00:00,2227242,16.153055555555554,31.4,13.056111111111111,22.51361111111111,1385-11-09T22:30:49,46.38564682006836,-26.660307991311118,-13.584392549697867,1385-11-10T00:00:00,47.06466293334961,-25.85391380700743,-13.27724370655249,1385-11-10T02:25:58,48.32396697998047,-24.352026088172387,-12.772015754358613
1385-11-10T12:00:00,2227243,16.13277777777778,31.428055555555556,13.595277777777778,23.789722222222224,1385-11-10T23:47:23,58.121604919433594,-12.477448626527226,-9.110480666985243,1385-11-11T00:00:00,58.21315002441406,-12.370370781481006,-9.064655235433476,1385-11-11T02:22:02,59.333621978759766,-11.048202671088353,-8.546996403377726
1385-11-11T12:00:00,2227244,16.113333333333333,31.455555555555556,14.045833333333333,25.050833333333333,1385-11-12T01:03:03,69.20962524414062,1.1341593042844236,-4.236882435945003,1385-11-12T00:00:00,68.79704284667969,0.6252592086236117,-4.464170300188234,1385-11-12T02:18:06,69.73826599121094,1.7944692997271932,-3.966305298952256
1385-11-12T12:00:00,2227245,16.094444444444445,31.483055555555556,14.441944444444445,26.286944444444444,1385-11-13T02:17:13,79.09566497802734,14.369953515227685,0.7375847848604469,1385-11-13T00:00:00,78.33232879638672,13.299322232080058,0.2712910407767189,1385-11-13T02:14:10,79.07754516601562,14.344122804471327,0.7273133468269048
1385-11-13T12:00:00,2227246,16.07638888888889,31.509999999999998,14.810833333333335,27.499444444444443,1385-11-14T03:29:58,87.34369659423828,27.436918796519972,5.547903888579978,1385-11-14T00:00:00,86.4194564819336,25.8275027461243,4.908429279232997,1385-11-14T02:10:15,86.97034454345703,26.7743306792944,5.309127131991561
1385-11-14T12:00:00,2227247,16.059166666666666,31.536944444444444,15.175555555555555,28.69222222222222,1385-11-15T04:41:32,93.63644409179688,40.51368198468671,9.955957344769159,1385-11-15T00:00:00,92.75215911865234,38.365560999780456,9.23095620631061,1385-11-15T02:06:19,93.12274932861328,39.236869727412206,9.56920986694586
1385-11-15T12:00:00,2227248,16.0425,31.563333333333333,15.557222222222222,29.864166666666666,1385-11-16T05:51:51,97.77517700195312,53.721207136001766,13.747318518305594,1385-11-16T00:00:00,97.1246109008789,51.02707421114927,13.03920672825074,1385-11-16T02:02:23,97.33566284179688,51.841049119392785,13.312386630165914
1385-11-16T12:00:00,2227249,16.026666666666667,31.589166666666667,15.97638888888889,31.00611111111111,1385-11-17T07:00:22,99.6794204711914,67.10202559630659,16.737323894766348,1385-11-17T00:00:00,99.43500518798828,63.865945814122924,16.155393649035585,1385-11-17T01:58:27,99.50919342041016,64.63650624187311,16.363776025874213
1385-11-17T12:00:00,2227250,16.011666666666667,31.615,16.455,32.0975,1385-11-18T08:05:51,99.3819580078125,80.60984360926898,18.784967887552853,1385-11-18T00:00:00,99.6822280883789,76.86630789103498,18.434566234015943,1385-11-18T01:54:31,99.64067840576172,77.60350974858692,18.58021657274161
1385-11-18T12:00:00,2227251,15.997222222222222,31.640277777777776,17.015555555555554,33.11027777777778,1385-11-19T09:06:37,97.01629638671875,94.12263825837108,19.809351553180793,1385-11-19T00:00:00,97.95404815673828,89.94603003399857,19.778050965345855,1385-11-19T01:50:35,97.81443786621094,90.65678529440606,19.864094796257156
1385-11-19T12:00:00,2227252,15.983888888888888,31.665,17.67666666666667,34.016666666666666,1385-11-20T10:01:00,92.79315185546875,107.48123833630467,19.79862773533717,1385-11-20T00:00:00,94.40778350830078,102.97839383403144,20.143699710165162,1385-11-20T01:46:39,94.18372344970703,103.66755403589873,20.17387907063064
1385-11-20T12:00:00,2227253,15.971388888888889,31.689444444444444,18.448055555555555,34.8,1385-11-21T10:48:00,86.96806335449219,120.54283842503389,18.80430847131531,1385-11-21T00:00:00,89.24739074707031,115.82846178496422,19.547453518205092,1385-11-21T01:42:43,88.9489974975586,116.49982605359546,19.525853131421666
1385-11-21T12:00:00,2227254,15.959444444444443,31.713333333333335,19.32472222222222,35.46055555555556,1385-11-22T11:27:38,79.80940246582031,133.22444059000605,16.922579261891727,1385-11-22T00:00:00,82.70182800292969,128.39168804906188,18.05443094900912,1385-11-22T01:38:47,82.33682250976562,129.04917572214856,17.985335646955857
1385-11-22T12:00:00,2227255,15.948611111111111,31.736666666666665,20.288333333333334,36.01361111111111,1385-11-23T12:00:49,71.57798767089844,145.52113680364812,14.27167000487652,1385-11-23T00:00:00,75.00918579101562,140.62091273923602,15.76294596661223,1385-11-23T01:34:51,74.58456420898438,141.26908839993072,15.650815004963873
1385-11-23T12:00:00,2227256,15.938611111111111,31.759444444444444,21.315555555555555,36.48166666666667,1385-11-24T12:28:54,62.524139404296875,157.50087535872277,10.975162793779472,1385-11-24T00:00:00,66.40937042236328,152.53558283032126,12.787886130161002,1385-11-24T01:30:55,65.93289947509766,153.18009032449802,12.637439326768295
1385-11-24T12:00:00,2227257,15.929444444444444,31.781666666666666,22.385277777777777,36.88916666666667,1385-11-25T12:53:21,52.898597717285156,169.2902047684607,7.15476283817598,1385-11-25T00:00:00,57.146202087402344,164.21659239282388,9.249144119246628,1385-11-25T01:26:59,56.628395080566406,164.86375181872407,9.065748387358644
1385-11-25T12:00:00,2227258,15.921111111111111,31.80361111111111,23.48638888888889,37.25805555555556,1385-11-26T13:15:29,42.973785400390625,-178.94127643268487,2.932924059413232,1385-11-26T00:00:00,47.478328704833984,175.7943902348986,5.2678999377215,1385-11-26T01:23:03,46.93389892578125,176.45114862919738,5.058043805661257
1385-11-26T12:00:00,2227259,15.913611111111111,31.82472222222222,24.61722222222222,37.608888888888885,1385-11-27T13:36:32,33.068817138671875,-166.99183140770296,-1.5570596958592084,1385-11-27T00:00:00,37.69675827026367,-172.5636578294039,0.9708912159062578,1385-11-27T01:19:07,37.145938873291016,-171.89020947683204,0.7428668101206268
1385-11-27T12:00:00,2227260,15.907222222222222,31.845277777777778,25.78361111111111,37.96222222222222,1385-11-28T13:57:44,23.574369430541992,-154.63771994988574,-6.155131564125938,1385-11-28T00:00:00,28.145132064819336,-160.6649510739478,-3.498711019664248,1385-11-28T01:15:11,27.61425018310547,-159.96829308613164,-3.7340953305146187
1385-11-28T12:00:00,2227261,15.901666666666667,31.865,26.995,38.34027777777778,1385-11-29T14:20:25,14.969194412231445,-141.64887650927028,-10.654874378616107,1385-11-29T00:00:00,19.236129760742188,-148.30505948339817,-7.9662479002331965,1385-11-29T01:11:16,18.75680160522461,-147.5804074838664,-8.195185018619279
1385-11-29T12:00:00,2227262,15.896944444444443,31.884444444444444,28.258055555555558,38.769444444444446,1385-11-30T14:46:10,7.814389228820801,-127.81877944147188,-14.787169761767487,1385-11-30T00:00:00,11.454020500183105,-135.2891625946711,-12.210616219721173,1385-11-30T01:07:20,11.06052017211914,-134.53576110921315,-12.416357856082023
1385-11-30T12:00:00,2227263,15.893055555555556,31.90277777777778,29.5675,39.284444444444446,1385-12-01T15:17:04,2.711641788482666,-113.01790958772055,-18.21855394601211,1385-12-01T00:00:00,5.331584930419922,-121.46951006328527,-15.95724721812536,1385-12-01T01:03:24,5.055445671081543,-120.69327451470684,-16.121607819427624
1385-12-01T12:00:00,2227264,15.890277777777778,31.920833333333334,30.89388888888889,39.928333333333335,1385-12-02T15:55:42,0.21985259652137756,-97.27067173882301,-20.58065744554242,1385-12-02T00:00:00,1.3925495147705078,-106.80211434900609,-18.89114710207428,1385-12-02T00:57:30,1.2600189447402954,-106.04419631783384,-18.994023566813148
1385-12-02T12:00:00,2227265,15.888333333333334,31.93777777777778,6.893888888888888,15.928333333333333,1385-12-02T15:55:42,0.21985027194023132,-97.27065259681473,-20.580681702738406,1385-12-03T00:00:00,0.06289863586425781,-91.40748037160024,-20.701825681142775,1385-12-03T00:55:32,0.070737823843956,-90.64166068598722,-20.740610525195283
1385-12-03T12:00:00,2227266,15.8875,31.954166666666666,8.17361111111111,16.745833333333334,1385-12-03T16:44:45,0.7405589818954468,-80.82073637847121,-21.54318989079164,1385-12-04T00:00:00,1.5736351013183594,-75.59179065850101,-21.15792754650562,1385-12-04T00:51:36,1.7122108936309814,-74.87445627680053,-21.129542937611912
1385-12-04T12:00:00,2227267,15.8875,31.969722222222224,9.324444444444444,17.760555555555555,1385-12-04T17:45:38,4.403692245483398,-64.11991067061756,-20.917045344187873,1385-12-05T00:00:00,5.8923234939575195,-59.781743973049885,-20.18147320535345,1385-12-05T00:47:40,6.130372047424316,-59.13976096717195,-20.097861863913934
1385-12-05T12:00:00,2227268,15.888333333333334,31.984722222222224,10.286111111111111,18.948055555555555,1385-12-05T18:56:53,10.995827674865723,-47.69614443675325,-18.73713847827896,1385-12-06T00:00:00,12.715518951416016,-44.38545575264538,-17.875898441668095,1385-12-06T00:43:44,13.012042999267578,-43.83413083061216,-17.756500284764176
1385-12-06T12:00:00,2227269,15.890277777777778,31.99861111111111,11.051388888888889,20.239166666666666,1385-12-06T20:14:21,19.975753784179688,-31.95908793182178,-15.261459050937571,1385-12-07T00:00:00,21.526676177978516,-29.66483255138924,-14.488537655148365,1385-12-07T00:39:48,21.840421676635742,-29.206137619538993,-14.354176996824451
1385-12-07T12:00:00,2227270,15.893055555555556,32.01166666666667,11.654444444444445,21.558055555555555,1385-12-07T21:33:29,30.590576171875,-17.078713179689203,-10.878308914767842,1385-12-08T00:00:00,31.692882537841797,-15.692916943558455,-10.335885327760288,1385-12-08T00:35:53,31.990142822265625,-15.319151291660518,-10.203806744017092
1385-12-08T12:00:00,2227271,15.896944444444443,32.024166666666666,12.143055555555556,22.85666666666667,1385-12-08T22:51:24,42.03638458251953,-2.9993000496886095,-5.990978885282905,1385-12-09T00:00:00,42.56141662597656,-2.3903576804710926,-5.736490190385372,1385-12-09T00:31:57,42.819698333740234,-2.08967528020703,-5.618332761046459
1385-12-09T12:00:00,2227272,15.901666666666667,32.035555555555554,12.558055555555557,24.11611111111111,1385-12-10T00:06:58,53.57971954345703,10.468639596117821,-0.9502593078052243,1385-12-10T00:00:00,53.528499603271484,10.409720772419213,-0.9746732383940722,1385-12-10T00:28:01,53.73684310913086,10.649691823515505,-0.876568981637135
1385-12-10T12:00:00,2227273,15.907222222222222,32.04611111111111,12.932222222222222,25.337222222222223,1385-12-11T01:20:14,64.61196899414062,23.562100910499385,3.9598891559545146,1385-12-11T00:00:00,64.07320404052734,22.90560560785981,3.7075941640775203,1385-12-11T00:24:05,64.22982788085938,23.09556729690978,3.783767108477602
1385-12-11T12:00:00,2227274,15.913611111111111,32.05583333333333,13.291666666666666,26.5275,1385-12-12T02:31:39,74.6519775390625,36.508070104017925,8.50834155952055,1385-12-12T00:00:00,73.76457214355469,35.288380552328455,8.103860196600873,1385-12-12T00:20:09,73.87401580810547,35.43694184518328,8.159028201129782
1385-12-12T12:00:00,2227275,15.921111111111111,32.06444444444445,13.658333333333333,27.6925,1385-12-13T03:41:33,83.32748413085938,49.48830527868431,12.499038055517902,1385-12-13T00:00:00,82.2557601928711,47.71665733490485,12.032880824648295,1385-12-13T00:16:13,82.3258056640625,47.83003555499834,12.069596281123415
1385-12-13T12:00:00,2227276,15.929444444444444,32.0725,14.053333333333335,28.830833333333334,1385-12-14T04:49:51,90.35613250732422,62.61505750765385,15.761212193998764,1385-12-14T00:00:00,89.27509307861328,60.29712972756011,15.332562718327216,1385-12-14T00:12:17,89.3148193359375,60.37968919307569,15.354279791779698
1385-12-14T12:00:00,2227277,15.93888888888889,32.07944444444445,14.499166666666666,29.930555555555557,1385-12-15T05:55:50,95.53487396240234,75.91342985144698,18.151459213684525,1385-12-15T00:00:00,94.62007141113281,73.06973189135893,17.86140038180565,1385-12-15T00:08:21,94.63849639892578,73.12426576942752,17.871954662670777
1385-12-15T12:00:00,2227278,15.94888888888889,32.08555555555556,15.018055555555556,30.967777777777776,1385-12-16T06:58:04,98.73884582519531,89.31683639344642,19.56624489137533,1385-12-16T00:00:00,98.1551742553711,86.0009750936139,19.50746180351686,1385-12-16T00:04:25,98.16069030761719,86.02933316961528,19.510840408680473
1385-12-16T12:00:00,2227279,15.959999999999999,32.090555555555554,15.6325,31.914166666666667,1385-12-17T07:54:51,99.9252700805664,102.6886857441723,19.95772917641458,1385-12-17T00:00:00,99.81131744384766,98.99232621668098,20.201337146133778,1385-12-17T00:00:29,99.81148529052734,98.99544001357967,20.20147041931402
1385-12-17T12:00:00,2227280,15.971944444444444,32.094722222222224,16.3575,32.74583333333333,1385-12-18T08:44:45,99.1316146850586,115.86710869897772,19.34192361978433,1385-12-18T00:00:00,99.58421325683594,111.9070974228302,19.92671638385748,1385-12-17T23:56:33,99.5860595703125,111.88541595154683,19.9274394129434
1385-12-18T12:00:00,2227281,15.984444444444444,32.098055555555554,17.19472222222222,33.454166666666666,1385-12-19T09:27:15,96.46275329589844,128.7192778706595,17.792435020986723,1385-12-19T00:00:00,97.52932739257812,124.60991996910559,18.722458098314412,1385-12-18T23:52:37,97.53971099853516,124.56338766870228,18.72745561750906
1385-12-19T12:00:00,2227282,15.998055555555554,32.10027777777778,18.129444444444445,34.04694444444444,1385-12-20T10:02:49,92.06983184814453,141.1783755580968,15.422512729706229,1385-12-20T00:00:00,93.7530288696289,137.00469383361593,16.674087933665657,1385-12-19T23:48:42,93.77899932861328,136.93266455948833,16.686859269258935
1385-12-20T12:00:00,2227283,16.0125,32.10166666666667,19.13611111111111,34.54388888888889,1385-12-21T10:32:38,86.13030242919922,153.25539900327968,12.364421946307504,1385-12-21T00:00:00,88.40142822265625,149.05800301625908,13.898162650663503,1385-12-20T23:44:46,88.45046997070312,148.95882047792207,13.922018832375118
1385-12-21T12:00:00,2227284,16.02777777777778,32.102222222222224,20.18888888888889,34.968333333333334,1385-12-22T10:58:06,78.83634948730469,165.03067481978655,8.75440346720611,1385-12-22T00:00:00,81.6496810913086,160.80431468571464,10.525942213936418,1385-12-21T23:40:50,81.7296371459961,160.6751582570555,10.563919128835437
1385-12-22T12:00:00,2227285,16.04361111111111,32.10166666666667,21.269166666666667,35.343611111111116,1385-12-23T11:20:37,70.39242553710938,176.63990491268888,4.725765924341385,1385-12-23T00:00:00,73.69499969482422,172.3382864789118,6.691937167507248,1385-12-22T23:36:54,73.81369018554688,172.17478755074143,6.746639625619994
1385-12-23T12:00:00,2227286,16.060277777777777,32.10027777777778,22.369444444444444,35.690555555555555,1385-12-24T11:41:26,61.022396087646484,-171.7396886439867,0.41071282322142394,1385-12-24T00:00:00,64.75605010986328,-176.19783253391475,2.5300093141100666,1385-12-23T23:32:58,64.92033386230469,-176.40186240530488,2.6032605274016993
1385-12-24T12:00:00,2227287,16.07777777777778,32.098055555555554,23.4925,36.028888888888886,1385-12-25T12:01:44,50.98482894897461,-159.89903796870001,-4.050808595264013,1385-12-25T00:00:00,55.080326080322266,-164.6264710214844,-1.8228299699537602,1385-12-24T23:29:02,55.29486083984375,-164.87953149070046,-1.730500843383614
1385-12-25T12:00:00,2227288,16.09611111111111,32.094722222222224,24.647222222222222,36.37888888888889,1385-12-26T12:22:44,40.596153259277344,-147.6066226261871,-8.4962586007372,1385-12-26T00:00:00,44.959415435791016,-152.74602690370665,-6.2161728689312925,1385-12-25T23:25:06,45.22441482543945,-153.05888961665949,-6.10649859988054
1385-12-26T12:00:00,2227289,16.115000000000002,32.090555555555554,25.844722222222224,36.763888888888886,1385-12-27T12:45:50,30.25827980041504,-134.624041201316,-12.72159775497249,1385-12-27T00:00:00,34.74967956542969,-140.34487259083608,-10.471754001369073,1385-12-26T23:21:10,35.05826950073242,-140.7303084481961,-10.349954455072371
1385-12-27T12:00:00,2227290,16.134722222222223,32.08555555555556,27.091944444444444,37.213611111111106,1385-12-28T13:12:49,20.481582641601562,-120.73737504394713,-16.464642973654623,1385-12-28T00:00:00,24.891765594482422,-127.22530845343356,-14.368934748251954,1385-12-27T23:17:15,25.227113723754883,-127.69659901073219,-14.245127051297228
1385-12-28T12:00:00,2227291,16.154999999999998,32.07944444444445,28.38138888888889,37.76694444444445,1385-12-29T13:46:01,11.889442443847656,-105.81571744846762,-19.40128312312319,1385-12-29T00:00:00,15.91804313659668,-113.24583913539819,-17.638220094181026,1385-12-28T23:13:19,16.251615524291992,-113.8138432664366,-17.528235234866347
1385-12-29T12:00:00,2227292,16.175833333333333,32.0725,29.676944444444445,38.47277777777778,1385-12-30T14:28:22,5.184525489807129,-89.89292962349063,-21.173610673184537,1385-12-30T00:00:00,8.432389259338379,-98.38326798261623,-19.975838564607248,1385-12-29T23:09:23,8.724328994750977,-99.05094810339472,-19.900498630961284
1385-12-30T12:00:00,2227293,16.1975,32.06472222222222,30.908333333333335,39.37694444444445,1385-12-31T15:22:37,1.0622141361236572,-73.23739037601531,-21.46549615561686,1385-12-31T00:00:00,3.04915189743042,-82.79371498123096,-21.092202448075493,1385-12-30T23:05:27,3.253143310546875,-83.5507818366555,-21.073536754303266
1385-12-31T12:00:00,2227294,16.21972222222222,32.05611111111111,31.994444444444444,40.492777777777775,1386-01-01T16:29:34,0.06833117455244064,-56.33484436875449,-20.116090735891824,1386-01-01T00:00:00,0.2915535867214203,-66.82211821818073,-20.790988094223128,1385-12-31T23:01:31,0.36408767104148865,-67.64352580526892,-20.845720364571925
1386-01-01T12:00:00,2227295,16.242222222222225,32.046388888888885,7.9944444444444445,16.49277777777778,1386-01-01T16:29:34,0.06833125650882721,-56.3348420773234,-20.116093702747012,1386-01-02T00:00:00,0.4748949706554413,-50.91655566276363,-19.044382360868482,1386-01-01T22:57:35,0.38667044043540955,-51.768818449766606,-19.177666825749295
1386-01-02T12:00:00,2227296,16.265555555555554,32.03611111111111,8.886944444444444,17.77583333333333,1386-01-02T17:46:33,2.432155132293701,-39.73776392314706,-17.21326059992419,1386-01-03T00:00:00,3.6212210655212402,-35.47726324714131,-16.015131055680037,1386-01-02T22:53:39,3.3656980991363525,-36.32861104316442,-16.21849340631287
1386-01-03T12:00:00,2227297,16.289444444444445,32.02472222222222,9.592500000000001,19.140555555555554,1386-01-03T19:08:26,7.959547519683838,-23.855505023626783,-13.08688314152753,1386-01-04T00:00:00,9.447528839111328,-20.737536513800652,-12.008512106837264,1386-01-03T22:49:43,9.042581558227539,-21.566124219961072,-12.263159807124174
1386-01-04T12:00:00,2227298,16.31361111111111,32.01277777777778,10.152777777777779,20.50861111111111,1386-01-04T20:30:31,16.075151443481445,-8.838805686718773,-8.193818056011683,1386-01-05T00:00:00,17.434207916259766,-6.739824314610765,-7.3883110972437205,1386-01-04T22:43:49,16.903234481811523,-7.555493583217666,-7.678530867881357
1386-01-05T12:00:00,2227299,16.33833333333333,31.99972222222222,10.614722222222222,21.8375,1386-01-05T21:50:15,25.99427032470703,5.386824453266905,-2.9851131966855533,1386-01-06T00:00:00,26.939472198486328,6.614898250044104,-2.5045960782625314,1386-01-05T22:41:51,26.353839874267578,5.853928121533008,-2.792940118790825
1386-01-06T12:00:00,2227300,16.363611111111112,31.985833333333332,11.016666666666667,23.114444444444445,1386-01-06T23:06:52,36.90951919555664,19.017985640797566,2.165982671518287,1386-01-07T00:00:00,37.310523986816406,19.499078885411826,2.3438989964465176,1386-01-06T22:37:55,36.70112991333008,18.768524148472256,2.0683482604462182
